0.0,0.005,0.016,0.0292,0.04504,0.064048,0.0868576,0.11422912,0.147074944,0.1864899328
0.0,-0.323122842758,-0.315548247443,-0.311141796115,-0.312582653787,-0.324858510155,-0.358538869048,-0.440234251698,-0.650031326376,-1.07873014039
0.0,-0.288650575828,-0.280655413879,-0.27512620985,-0.27423284296,-0.281930794304,-0.3063610977,-0.367231095134,-0.521939222886,-0.891171021531
0.0,-0.275779874122,-0.26766273844,-0.26180677618,-0.260235707781,-0.266620826225,-0.288474931799,-0.343876984012,-0.485587685455,-0.841263249967
0.0,-0.275108172976,-0.266991665413,-0.261136054619,-0.259564454587,-0.265950965854,-0.287828571191,-0.343386406273,-0.48608029785,-0.847771638295
0.0,-0.270609070531,-0.262440938716,-0.256448494691,-0.254594404602,-0.260430673593,-0.281204434784,-0.334295855329,-0.470360760753,-0.817641559275
0.0,-0.275160378965,-0.267052500904,-0.261219021789,-0.259692471251,-0.266168436883,-0.288238420015,-0.344288560466,-0.488632659929,-0.855789990862
0.0,-0.274553370264,-0.26641666084,-0.260509162571,-0.258831950009,-0.265009291933,-0.286439728815,-0.340863559572,-0.479790457474,-0.828599014185
0.0,-0.277198303519,-0.269100729623,-0.263296227327,-0.261831017961,-0.2684230358,-0.290698358127,-0.347072419233,-0.491558051319,-0.854120667383
0.0,-0.270336641122,-0.262176006028,-0.256202010183,-0.254384594407,-0.260294652664,-0.281237614784,-0.334812714888,-0.472749801247,-0.828166108721
0.0,-0.27355686951,-0.265431879695,-0.259552732768,-0.257931307637,-0.26422155678,-0.285917975601,-0.341133887794,-0.483248151811,-0.845804892761
0.0,-0.245690600794,-0.237284734808,-0.230655625038,-0.227481763861,-0.230764075362,-0.246535610837,-0.289019411948,-0.399222313825,-0.69728631186
0.0,-0.2501510148,-0.241785097099,-0.235263442117,-0.232312819773,-0.23602649934,-0.252636562053,-0.296867600001,-0.411199562003,-0.717220592963
0.0,-0.254056486621,-0.245723084265,-0.239288940183,-0.236520144687,-0.240584971742,-0.257876596676,-0.303524037508,-0.421187510809,-0.733491591962
0.0,-0.262128108443,-0.253874533459,-0.247653740596,-0.245326560296,-0.250245516556,-0.269211574115,-0.318420872287,-0.444831952787,-0.774381787333
0.0,-0.245358332127,-0.236950035201,-0.230314072317,-0.227125440736,-0.230378590088,-0.246093577979,-0.288464752914,-0.398438118884,-0.696349349195
0.0,-0.210306615066,-0.201591899235,-0.194134691138,-0.189244494833,-0.189213281927,-0.198530895002,-0.227433362951,-0.30409126372,-0.510370312158
0.0,-0.207626097058,-0.198901508426,-0.191415553435,-0.186462267101,-0.186306404008,-0.195387934444,-0.223848263568,-0.299710880652,-0.505521994524
8.07176547823e-12,-0.201372768278,-0.192599357641,-0.184981854823,-0.179754549815,-0.17906711773,-0.187108660048,-0.213368265249,-0.283689644832,-0.471942038387
0.0,-0.196144289887,-0.187340598751,-0.179639562087,-0.174235164502,-0.173201253955,-0.180568492655,-0.205439032551,-0.272476345273,-0.451542610481
0.0,-0.228582606405,-0.220026129376,-0.212993363541,-0.208983191949,-0.210651408315,-0.223279926131,-0.259157162859,-0.353183765147,-0.610694232842
0.0,-0.265272340562,-0.257049888526,-0.250912042526,-0.248756390585,-0.254007839315,-0.273630683789,-0.324261020314,-0.454284236016,-0.791484445847
0.0,-0.271610812956,-0.26345336836,-0.257489335579,-0.255693863221,-0.261643556056,-0.282641131996,-0.336216059824,-0.47349177948,-0.822785392056
0.0,-0.262861921147,-0.254615542399,-0.248413797871,-0.246125765227,-0.251120252001,-0.270235302514,-0.319768992744,-0.447028812823,-0.77871017752
0.0,-0.246558728555,-0.238150978475,-0.231518659609,-0.22834047383,-0.231614129152,-0.247352806375,-0.289677863585,-0.398991277125,-0.691258089604
0.0,-0.24949131376,-0.241117014176,-0.234573165535,-0.231576857161,-0.235202096046,-0.251636815952,-0.295483916378,-0.40880529183,-0.712124567199
1.36424205266e-12,-0.225149237467,-0.216552855203,-0.209414641934,-0.205187965694,-0.20643847801,-0.218242399026,-0.252320661489,-0.341550931494,-0.583244350622
1.70530256582e-12,-0.211331182568,-0.202607805581,-0.195130569324,-0.190203849689,-0.190106430145,-0.199286736835,-0.227826072327,-0.303157440607,-0.502693884779
0.0,-0.242648893335,-0.234225922865,-0.227549922932,-0.224277384769,-0.227368353969,-0.242771856091,-0.284512276303,-0.3930557395,-0.687923487987
0.0,-0.237424074314,-0.228959541037,-0.222171367697,-0.218665271883,-0.221304758373,-0.235832634083,-0.275758255062,-0.380025925363,-0.665876694744
0.0,-0.24548537067,-0.237093161277,-0.230498935054,-0.227395115515,-0.230812499328,-0.246859759103,-0.289992527441,-0.40212164644,-0.706330170539
0.0,-0.241267539117,-0.232838870447,-0.226147061332,-0.222841113912,-0.225867783867,-0.24115094016,-0.282664169766,-0.390785875803,-0.68544614244
1.02318153949e-12,-0.233344334139,-0.224831681717,-0.217916173337,-0.214148215143,-0.216281621664,-0.229808820734,-0.267550339275,-0.366039497639,-0.634415943479
0.0,-0.244835001307,-0.23642464701,-0.229783379598,-0.226584046779,-0.229816584165,-0.245489574447,-0.287759596436,-0.397391667337,-0.693440260198
0.0,-0.265533788964,-0.257325588239,-0.251224344847,-0.249142893854,-0.254539738516,-0.274467115322,-0.325844121213,-0.458225528655,-0.803119588922
0.0,-0.274394343011,-0.266267777441,-0.260385789866,-0.258759916487,-0.265039723868,-0.286696832602,-0.341730644739,-0.482838313385,-0.839750305167
0.0,-0.27799410281,-0.26990950733,-0.264138998979,-0.262743546083,-0.269472003046,-0.292026533446,-0.349050759252,-0.495400345417,-0.862103646647
0.0,-0.271176406079,-0.263013020796,-0.257033181806,-0.255204991216,-0.261090925404,-0.281961007305,-0.335253706637,-0.471786783954,-0.819575633602
0.0,-0.298503279881,-0.290628329213,-0.28542003834,-0.285193354623,-0.294195926158,-0.321249310564,-0.387968645408,-0.558014206069,-0.94919569712
0.0,-0.299630521878,-0.291773981123,-0.286614302569,-0.28648835063,-0.295690352446,-0.32315863113,-0.390868898832,-0.563857978782,-0.960725982351
0.0,-0.306317317856,-0.298536963445,-0.293580868681,-0.293878007843,-0.303907623965,-0.333037786915,-0.404443727576,-0.586986228652,-0.993370517719
0.0,-0.289331163499,-0.281352714822,-0.275867913507,-0.275067072767,-0.282948873307,-0.307761729229,-0.369542522309,-0.526971940234,-0.903022633066
0.0,-0.297268596279,-0.289381520633,-0.28414049224,-0.283845522683,-0.29271552845,-0.319509730679,-0.385687245806,-0.554519697819,-0.945492423516
0.0,-0.294993834132,-0.287085253763,-0.281786210523,-0.281370473582,-0.290006944267,-0.316347822503,-0.381590633396,-0.548399670899,-0.939603438726
0.0,-0.293073018839,-0.285135332939,-0.279759514416,-0.27918501239,-0.287508290635,-0.313201507531,-0.376912015926,-0.53922062786,-0.921162111187
0.0,-0.292886781872,-0.284947529415,-0.279567064343,-0.278982277302,-0.287285336193,-0.31294139239,-0.376589366572,-0.538841985263,-0.921222626012
0.0,-0.265481265032,-0.257262296319,-0.251133634654,-0.248996839649,-0.25428480043,-0.273980334273,-0.32477089054,-0.455210701268,-0.793203606904
0.0,-0.272621333045,-0.264474809899,-0.258539704252,-0.256803878602,-0.26286951674,-0.284098835616,-0.338187604317,-0.476818080328,-0.828820572302
0.0,-0.262101794417,-0.25385768329,-0.247660846638,-0.245381800855,-0.250395313697,-0.269563375851,-0.319288193972,-0.447433766839,-0.783563288222
0.0,-0.261621138498,-0.253371960107,-0.24716173641,-0.244855192849,-0.249815553232,-0.268878204129,-0.318371403943,-0.445905273745,-0.780554842444
0.0,-0.26316599077,-0.254937984438,-0.248783581747,-0.246591895059,-0.251775979647,-0.271289812767,-0.321805017935,-0.452182999712,-0.794459545175
0.0,-0.257064002029,-0.24877396587,-0.242453931774,-0.239919257573,-0.244438190453,-0.262639609999,-0.310326089955,-0.433577025165,-0.761315850683
0.0,-0.261566447759,-0.253315219826,-0.247099673012,-0.244782260036,-0.249721340738,-0.268740043579,-0.318128870299,-0.445350557761,-0.779076500631
0.0,-0.267154958661,-0.258962818244,-0.252904680774,-0.250912814392,-0.256483552094,-0.276752836366,-0.328858086286,-0.463009136786,-0.810669614377
0.0,-0.278157671949,-0.270071500494,-0.264297251194,-0.262894541585,-0.269608307775,-0.292127549165,-0.349043676703,-0.494951936354,-0.859932804584
0.0,-0.277387506363,-0.269284226991,-0.263465440626,-0.261971472798,-0.268505553331,-0.29064990119,-0.346658876416,-0.489771170129,-0.846803644276
0.0,-0.27495578689,-0.266836931801,-0.260975191909,-0.259390919811,-0.265752019832,-0.287574855744,-0.342992488343,-0.485204521598,-0.844950301716
0.0,-0.269300842295,-0.261124864549,-0.2551105656,-0.253210134409,-0.258957017958,-0.279563618391,-0.332343942724,-0.467894469428,-0.815906335795
0.0,-0.263770207089,-0.255546930781,-0.249405227474,-0.24723979983,-0.252474155876,-0.272083975385,-0.322791439766,-0.453568878351,-0.795892839798
0.0,-0.256136081725,-0.247842966033,-0.241514116839,-0.238960514436,-0.243443208423,-0.261579580016,-0.309158417297,-0.432300835929,-0.760701253606
0.0,-0.253986759045,-0.245669453662,-0.239276335875,-0.236590085716,-0.240815643948,-0.258442508651,-0.304909908414,-0.425166554492,-0.746711617725
0.0,-0.254876697347,-0.246568243847,-0.24019864189,-0.23756088273,-0.241880246031,-0.2596923455,-0.306562083034,-0.427862951047,-0.752034058642
0.0,-0.266909471539,-0.258711786552,-0.252639156439,-0.250617572919,-0.256130105336,-0.276279706631,-0.328103095374,-0.461418162283,-0.806651182926
0.0,-0.255764126139,-0.247461235769,-0.241106884059,-0.238501162942,-0.242882361855,-0.260812085526,-0.307912376798,-0.429671431082,-0.753972060895
0.0,-0.25246102814,-0.244126146383,-0.237686219828,-0.234903198995,-0.238941107478,-0.256196866235,-0.301859333912,-0.420050687755,-0.736764709634
0.0,-0.264867646714,-0.256649160555,-0.250521016626,-0.248384479426,-0.25367389588,-0.27338224459,-0.324250244135,-0.455145407418,-0.795645871011
0.0,-0.256218204915,-0.247913053476,-0.241553435653,-0.23893762162,-0.243298283648,-0.261177479238,-0.308118232706,-0.429200888307,-0.750079665607
0.0,-0.251136728555,-0.242795486698,-0.236337735432,-0.233516784647,-0.237481535308,-0.254601300784,-0.300015039783,-0.417813445802,-0.735225718567
0.0,-0.250814166575,-0.242462492804,-0.235977880903,-0.233102552509,-0.23696160681,-0.253863859815,-0.298759062839,-0.414966615578,-0.726678729415
0.0,-0.247508469044,-0.23913252992,-0.232581758923,-0.229567932545,-0.233159813956,-0.24955138752,-0.293428806754,-0.407489924782,-0.717120376084
0.0,-0.247762636614,-0.239380006711,-0.232812505379,-0.229765731501,-0.233294758376,-0.249556981728,-0.293117668205,-0.406151013492,-0.71166620674
0.0,-0.249361936153,-0.241016192416,-0.234544709085,-0.23169323105,-0.2355994653,-0.252620204009,-0.297908818218,-0.415867607648,-0.736946941521
0.0,-0.246361080939,-0.237971959406,-0.231386750668,-0.228302635219,-0.231758375993,-0.247875830902,-0.291129020203,-0.403406193596,-0.707084947924
0.0,-0.247409950183,-0.239037374323,-0.232495308224,-0.229499141567,-0.233125238676,-0.249586448292,-0.293626347421,-0.408168339345,-0.719404501647
0.0,-0.260231766674,-0.25197194806,-0.245732922983,-0.243366277228,-0.248210315669,-0.267047451882,-0.316075305928,-0.442543048462,-0.775617338718
0.0,-0.258483069457,-0.250214372842,-0.243950395529,-0.241530634425,-0.246272595606,-0.2649222517,-0.313620344324,-0.439674255347,-0.775015247416
0.0,-0.274794987601,-0.266668522995,-0.260787329653,-0.259163571873,-0.265446392334,-0.287100768523,-0.342085554739,-0.482831623503,-0.837430784836
0.0,-0.253322520253,-0.245012294285,-0.238636288108,-0.235983196671,-0.240273362924,-0.258043397057,-0.304906623473,-0.426642994942,-0.754747458354
0.0,-0.250031587419,-0.241674523832,-0.235175337925,-0.232269603134,-0.236069737113,-0.252857341884,-0.297513800268,-0.413156223971,-0.723718518262
0.0,-0.264324319954,-0.256093308863,-0.249932625534,-0.247729613997,-0.252888741745,-0.27232720693,-0.322549319873,-0.451472688381,-0.785655718226
0.0,-0.240585135239,-0.232144933035,-0.225422804149,-0.22205472672,-0.224961117646,-0.240004079341,-0.280981879555,-0.387640987528,-0.677885545885
0.0,-0.247070100931,-0.238693421771,-0.232140696933,-0.229122780912,-0.232706366799,-0.249079931814,-0.29291110217,-0.406808182253,-0.715516639505
0.0,-0.259120598901,-0.250863015866,-0.244628229469,-0.242268327896,-0.247126580191,-0.266010318889,-0.315237178474,-0.442745945001,-0.781680856304
0.0,-0.254849859392,-0.246526432679,-0.240118891851,-0.237404882408,-0.241574618167,-0.259067980567,-0.305127509621,-0.42369845867,-0.736722693992
0.0,-0.272945924478,-0.264816189077,-0.258923844037,-0.257274344082,-0.263509856444,-0.285101317817,-0.340109875862,-0.481807185441,-0.84421000926
0.0,-0.257474646895,-0.249170748283,-0.242816018812,-0.240212048747,-0.244594217171,-0.262497615825,-0.309396524812,-0.429865761676,-0.745819394092
0.0,-0.269759399422,-0.261594153675,-0.255607582027,-0.25376358976,-0.259621138114,-0.280458631971,-0.333800933694,-0.471114757365,-0.824785533239
0.0,-0.264129089758,-0.255899410848,-0.249741826564,-0.247544850691,-0.252716772035,-0.272188555693,-0.32252199893,-0.45194454263,-0.788799172462
0.0,-0.266235137603,-0.258022306232,-0.251910422528,-0.249808819783,-0.255164708615,-0.274989689108,-0.326034073851,-0.456961228748,-0.794645229374
0.0,-0.269524835863,-0.26135368549,-0.255352062644,-0.253477759362,-0.259276112625,-0.279989206621,-0.333022098882,-0.469328630316,-0.819566695826
0.0,-0.272946368088,-0.264810743896,-0.258903889792,-0.257225803982,-0.263405189792,-0.284872982789,-0.339544321446,-0.479997797324,-0.837507346193
0.0,-0.26202755928,-0.253771135373,-0.247542963713,-0.245200632776,-0.250089352401,-0.268990496828,-0.3180354011,-0.443900581846,-0.771329327793
0.0,-0.271020748384,-0.262872890905,-0.256932126205,-0.255182397002,-0.261223892601,-0.282434107649,-0.336628324118,-0.47633773405,-0.835928229463
0.0,-0.260272783529,-0.252013847982,-0.245776556686,-0.243412622028,-0.248261629992,-0.267112735238,-0.316197564035,-0.442975202256,-0.778114094614
0.0,-0.252142314982,-0.243789223721,-0.237302593053,-0.234425151403,-0.238278938949,-0.255152063922,-0.29988657679,-0.415164903896,-0.721132683334
0.0,-0.252071305217,-0.243724449842,-0.237253675015,-0.234408178689,-0.238324635034,-0.255330468642,-0.300396852978,-0.416753918288,-0.726793100867
0.0,-0.247475635431,-0.239084382275,-0.232494256138,-0.229401089508,-0.232839860988,-0.248919800115,-0.292065923069,-0.40393290392,-0.705882485559
0.0,-0.245347180156,-0.236944322698,-0.230322707982,-0.227163554067,-0.230473773321,-0.246301922192,-0.28891842682,-0.399497910137,-0.698340638083
0.0,-0.256641594386,-0.24834336673,-0.242001817791,-0.239422782028,-0.243854305626,-0.261874848126,-0.309131571481,-0.431072766532,-0.754124882027
0.0,-0.242507574578,-0.234099979763,-0.227463090496,-0.224268898869,-0.227511237793,-0.243226809025,-0.285719967493,-0.396626728019,-0.700598052334
0.0,-0.284074362305,-0.276039743437,-0.270404753097,-0.269292268103,-0.276567694078,-0.30017747341,-0.359345637065,-0.510264884533,-0.878195290473
0.0,-0.29205042731,-0.284105936024,-0.278711150347,-0.278096521459,-0.286342971135,-0.311895327575,-0.375359993161,-0.537403449996,-0.921435182043
0.0,-0.27241392568,-0.264257042087,-0.258295276433,-0.256505138599,-0.262463351131,-0.283464352247,-0.336982675484,-0.47378235332,-0.820124700616
0.0,-0.264841061188,-0.256609222418,-0.250446922685,-0.248241280005,-0.253395035144,-0.272817246183,-0.322975426063,-0.451599671918,-0.784610070647
0.0,-0.25777006296,-0.249467544427,-0.243116724967,-0.240521321126,-0.244920992875,-0.262860708405,-0.309843021888,-0.430555514013,-0.747502765432
0.0,-0.28356260951,-0.275521280252,-0.269868378221,-0.268718659235,-0.275921103389,-0.299383694328,-0.35822160328,-0.508255007857,-0.87448516569
0.0,-0.263750491486,-0.255517721629,-0.249351806443,-0.247137519726,-0.2522760969,-0.271683779054,-0.321888329038,-0.451048847684,-0.788020064308
0.0,-0.265384744785,-0.257168645626,-0.251047321303,-0.248925468336,-0.254243271745,-0.274003711031,-0.324962471625,-0.455970509139,-0.795981181525
0.0,-0.25799800415,-0.249703510782,-0.243372863917,-0.240817371415,-0.245293359839,-0.263389800121,-0.310752907687,-0.432680623065,-0.754112765096
2.15004547499e-09,-0.1673470847,-0.158387162612,-0.15024932946,-0.143904051671,-0.140990706999,-0.144600377088,-0.161446269015,-0.208476921831,-0.325775622744
2.5216877475e-09,-0.165563643833,-0.156567592702,-0.148334611928,-0.141793718528,-0.138499965972,-0.141347932886,-0.156504272488,-0.198995255997,-0.30105391519
0.0,-0.227131278156,-0.21856398821,-0.211502092761,-0.20743125001,-0.208981765066,-0.221379821952,-0.256767769611,-0.349552243445,-0.603190193457
0.0,-0.224670239172,-0.21607875385,-0.20895202671,-0.204746763747,-0.20603726079,-0.217926658041,-0.252235746381,-0.34231733057,-0.588252509682
0.0,-0.160128803992,-0.151114963819,-0.142831727896,-0.136182882571,-0.132682295201,-0.135155900571,-0.149660222186,-0.191126271004,-0.292688900789
2.05386641028e-09,-0.162598046478,-0.153611487771,-0.145399325763,-0.138894905819,-0.135667940574,-0.138665012508,-0.154252172961,-0.198352793031,-0.30770993915
0.0,-0.272058432032,-0.263897368001,-0.257924649403,-0.256112215707,-0.262027751246,-0.282944948295,-0.336280444095,-0.472596642732,-0.817779450739
0.0,-0.281541392655,-0.273482769484,-0.267783237624,-0.266536510503,-0.2735515225,-0.296650757935,-0.354740117156,-0.503123140842,-0.868608503588
0.0,-0.284650446145,-0.27662690611,-0.271020846372,-0.269967729969,-0.277359910519,-0.301211994513,-0.360959694374,-0.51361604019,-0.885690444075
0.0,-0.282761570368,-0.274717616724,-0.269057085213,-0.267891198626,-0.275064540108,-0.298483876335,-0.357296543218,-0.507646994641,-0.877053372629
0.0,-0.185732692876,-0.17684643497,-0.168922816662,-0.163053776798,-0.161114669996,-0.166698545818,-0.18775524503,-0.245037811379,-0.392171721467
0.0,-0.224277708019,-0.215694586893,-0.208588713636,-0.204424344246,-0.205792291121,-0.217839006771,-0.252524731121,-0.34379138166,-0.594717383735
0.0,-0.239428229279,-0.230973846318,-0.224213991264,-0.220768113203,-0.223524347701,-0.238272698314,-0.278618810312,-0.383668080011,-0.669602841939
1.13686837722e-12,-0.232582203037,-0.224059106848,-0.217116548932,-0.213293854388,-0.215322061828,-0.228638647744,-0.265901530533,-0.363011006734,-0.626260206739
0.0,-0.251100835001,-0.242741708007,-0.236238550104,-0.233326550369,-0.237114321337,-0.253864368612,-0.29836727909,-0.413231128294,-0.719378290051
0.0,-0.25818758929,-0.249909772421,-0.243621950821,-0.24115329038,-0.245799503384,-0.264252560248,-0.312489262442,-0.437178740762,-0.768298488024
0.0,-0.269078610429,-0.260905464147,-0.254898001896,-0.253011101147,-0.258785847061,-0.279459915059,-0.332447644093,-0.468866205853,-0.821100243239
0.0,-0.264650170547,-0.25642600734,-0.250283010288,-0.24811607582,-0.253346353307,-0.272934826325,-0.323527966722,-0.4536489537,-0.792217786211
0.0,-0.264055558165,-0.255820110208,-0.249647719105,-0.247420621118,-0.252532914409,-0.271877338203,-0.321888315682,-0.450235965312,-0.782994411382
0.0,-0.269067657947,-0.260896891829,-0.254895539796,-0.253020860928,-0.258818741206,-0.279538079194,-0.332623743615,-0.469276526547,-0.821466766784
0.0,-0.250015503829,-0.241664057893,-0.235179219529,-0.232302388703,-0.236158783232,-0.253063433821,-0.298005106347,-0.414550453066,-0.72847914145
0.0,-0.246018289263,-0.237615301928,-0.230994009874,-0.227836502632,-0.231150449103,-0.246982727967,-0.289587243657,-0.400028639113,-0.697983807658
0.0,-0.260494680911,-0.25224405349,-0.246028763546,-0.243710373853,-0.248648791312,-0.267681824653,-0.317181785533,-0.445108470008,-0.782997141696
0.0,-0.270700265134,-0.262545583489,-0.25658726674,-0.254801857382,-0.260773077793,-0.281834679787,-0.335657682866,-0.474150077223,-0.829494993005
0.0,-0.265408963662,-0.257187295212,-0.251051651113,-0.248900554344,-0.254160086271,-0.273794918048,-0.324432544261,-0.454365822717,-0.790429388358
0.0,-0.276849022445,-0.268745231058,-0.262924318142,-0.261425140484,-0.267950072084,-0.290086459388,-0.346130444258,-0.489619131024,-0.84921363306
0.0,-0.2875681561,-0.279569379419,-0.274030357125,-0.273117117107,-0.280779884524,-0.305155631592,-0.365974226431,-0.520932318024,-0.893429173026
0.0,-0.2842490969,-0.276219966596,-0.270599202352,-0.269515863282,-0.276849086145,-0.300581539211,-0.360054894634,-0.511944026535,-0.882479155229
0.0,-0.281798536196,-0.273745175484,-0.268059405142,-0.266841028544,-0.273912213469,-0.297129486384,-0.355506851753,-0.504786186175,-0.872793982122
0.0,-0.29119739554,-0.283234821482,-0.27779297227,-0.277081679934,-0.285136487816,-0.310283402238,-0.372743651971,-0.531601088626,-0.90747721192
0.0,-0.297881310436,-0.290002262527,-0.284782405184,-0.284531224007,-0.293487704001,-0.320461150785,-0.387064217383,-0.557147786447,-0.950506169541
0.0,-0.292890572105,-0.28494625719,-0.279553223168,-0.278943295086,-0.287195746813,-0.31273655829,-0.376059553082,-0.537097494428,-0.915663597336
0.0,-0.299618334526,-0.291759129987,-0.28659231252,-0.286451300462,-0.295622865716,-0.323026295958,-0.390576845613,-0.563067020943,-0.958782353456
0.0,-0.272278911869,-0.264128859345,-0.258184355568,-0.256429154437,-0.26245748611,-0.283614185583,-0.337551643545,-0.475846437951,-0.827835674548
0.0,-0.274198664927,-0.266067342725,-0.260173088669,-0.25852225028,-0.264752971307,-0.286306995903,-0.341087514562,-0.481395861501,-0.835890763375
0.0,-0.261075829458,-0.252821986848,-0.246599011828,-0.244265698168,-0.24917426645,-0.268137683388,-0.317433465518,-0.444565919604,-0.779168371644
0.0,-0.269024658416,-0.260845974963,-0.254824538401,-0.252909438831,-0.258627867371,-0.279177594159,-0.331831413374,-0.467044859182,-0.814333077968
0.0,-0.268291965883,-0.260110301285,-0.254080227555,-0.252146609641,-0.257830397334,-0.278322410084,-0.33090523992,-0.466240321116,-0.816008474548
0.0,-0.267877609855,-0.25968822709,-0.253637897047,-0.251662683397,-0.25726525382,-0.277592018771,-0.329794381618,-0.464052553152,-0.811170492809
0.0,-0.268287940808,-0.260101215497,-0.254058312437,-0.252098822693,-0.257731431667,-0.278112854386,-0.330408709343,-0.464757952341,-0.810856634548
0.0,-0.269472336722,-0.261298651728,-0.255290321818,-0.253402141639,-0.259173255975,-0.279830940687,-0.332738000405,-0.468707948768,-0.818413173066
0.0,-0.265486862135,-0.257268027182,-0.251139903778,-0.249004442645,-0.254294896817,-0.273993423865,-0.324779378026,-0.455138408933,-0.792342923545
0.0,-0.258443653425,-0.250157823146,-0.243850088998,-0.241342016036,-0.245911213251,-0.26419795393,-0.311998222021,-0.435159509844,-0.76007877616
0.0,-0.274372153301,-0.266250340199,-0.260380329375,-0.258778436867,-0.265105331433,-0.286863555657,-0.342158479849,-0.484151869928,-0.84397120161
0.0,-0.268310637347,-0.260128871042,-0.254098559043,-0.252164452646,-0.257847095212,-0.278335753798,-0.33090608427,-0.466178036078,-0.815538793461
0.0,-0.266021090795,-0.257811878353,-0.251708716827,-0.24962416552,-0.255014239105,-0.274918875366,-0.326198157354,-0.458068497016,-0.800181540293
0.0,-0.257930858528,-0.249638615482,-0.243314075311,-0.240771586862,-0.245273897767,-0.263425462903,-0.310916595196,-0.43319370004,-0.755358300026
0.0,-0.264215013897,-0.255994906767,-0.24986190773,-0.247714741888,-0.252984117624,-0.272659486878,-0.323490261326,-0.454476379351,-0.796416679675
0.0,-0.274603023056,-0.266480308204,-0.260608440775,-0.259003461623,-0.265324558727,-0.287067657039,-0.342308430995,-0.484057552748,-0.843044381578
0.0,-0.270761822217,-0.262594274961,-0.256603385718,-0.254752470498,-0.260594710293,-0.281379540505,-0.334491773406,-0.470591397498,-0.817789778916
0.0,-0.269475139559,-0.261301927061,-0.255294984091,-0.253409866313,-0.259187046537,-0.279856145866,-0.332783631637,-0.468778308309,-0.818307270177
0.0,-0.281139436476,-0.273074369676,-0.267357744491,-0.266075640227,-0.273021383232,-0.29598028002,-0.353750365897,-0.501249176119,-0.864807081083
0.0,-0.285789092672,-0.277779698556,-0.272211192449,-0.271235853476,-0.278780413165,-0.302941224731,-0.363389605558,-0.517958793028,-0.893577495429
0.0,-0.281146460886,-0.273083491615,-0.267372466028,-0.266102121377,-0.273071506628,-0.296080412331,-0.353972183401,-0.501846642456,-0.866480489729
0.0,-0.266616184343,-0.258419785966,-0.252349998682,-0.250333709919,-0.255857434034,-0.276037690008,-0.327970778636,-0.461805476616,-0.809831017789
0.0,-0.270279007432,-0.262103033796,-0.25609000811,-0.254193500482,-0.259946165369,-0.280546618371,-0.333225032155,-0.468038767681,-0.811438732376
0.0,-0.273401698164,-0.265269283114,-0.259371193081,-0.257711502433,-0.263926525185,-0.285462930456,-0.34027270401,-0.481021115441,-0.838723566751
0.0,-0.261939042109,-0.253693715331,-0.247493518816,-0.245207402217,-0.250207388149,-0.269350489315,-0.319030649996,-0.447119262308,-0.783633756026
0.0,-0.261436411985,-0.253184846912,-0.246968324177,-0.244648816648,-0.249583954994,-0.268595916667,-0.317975081277,-0.445195347081,-0.779018040174
0.0,-0.271820435916,-0.26366970988,-0.257722817283,-0.255962113397,-0.261980863281,-0.28312779413,-0.337089414073,-0.475689441563,-0.829881022748
0.0,-0.270458212505,-0.262286602844,-0.256284974924,-0.254411894967,-0.260210807561,-0.280907964322,-0.333821500478,-0.46937734989,-0.815367386274
0.0,-0.274999155105,-0.266883505353,-0.26103025834,-0.259463627473,-0.265859649039,-0.287754748184,-0.343342537068,-0.486051341505,-0.847019731744
0.0,-0.270904332093,-0.26273914522,-0.256754374679,-0.254915932376,-0.260782588006,-0.281618082745,-0.334852748777,-0.471337012931,-0.819864463863
0.0,-0.27352424074,-0.265386117542,-0.259473747371,-0.257785479362,-0.2639437501,-0.285355056918,-0.339829258589,-0.479388098997,-0.832889566312
0.0,-0.283861957632,-0.275825075403,-0.27018391251,-0.269058525737,-0.276309177645,-0.299872118868,-0.358949797604,-0.509705604363,-0.877880397888
0.0,-0.290831559675,-0.282868993163,-0.27742661664,-0.276713829992,-0.284767347912,-0.309922736123,-0.372454726795,-0.531782088637,-0.91008505068
0.0,-0.278706137552,-0.27061885752,-0.264842615547,-0.263436754668,-0.270142939076,-0.292633449321,-0.349418367296,-0.494626603011,-0.856175135402
0.0,-0.271142074871,-0.262985224578,-0.257021929081,-0.255227172631,-0.261179775226,-0.2821961502,-0.335877080093,-0.473781059818,-0.826811644335
0.0,-0.265660654846,-0.257443460796,-0.251319660863,-0.24919310747,-0.254500992227,-0.274235026061,-0.325103060188,-0.455701104597,-0.793661631055
0.0,-0.263321654108,-0.255088741209,-0.248921903647,-0.246705002807,-0.251838511487,-0.271240473027,-0.32145615481,-0.450762823165,-0.788608460066
0.0,-0.269381638442,-0.26120609996,-0.255192979443,-0.253294993728,-0.259046612415,-0.27966250475,-0.332462760815,-0.468064758105,-0.816219038124
0.0,-0.27343142149,-0.265291705425,-0.259375139091,-0.257678194335,-0.263819318707,-0.285194997874,-0.339583862025,-0.478879491453,-0.831506066402
0.0,-0.2769783297,-0.268877466979,-0.263064347337,-0.261581440349,-0.268138780578,-0.290342820043,-0.346548774294,-0.490532106876,-0.851660272746
0.0,-0.274636065655,-0.266508571476,-0.260624560167,-0.25899497469,-0.265266994082,-0.2869027286,-0.341860387217,-0.482620819317,-0.838034789643
0.0,-0.296625632982,-0.28872513351,-0.283449084975,-0.283082036999,-0.29180892242,-0.318300063883,-0.383726290027,-0.550179194232,-0.935520378433
0.0,-0.302136525879,-0.294305681671,-0.289214768426,-0.289231685033,-0.2987122867,-0.32673560163,-0.395659749831,-0.571676613806,-0.970988807893
0.0,-0.301877702809,-0.294037517833,-0.288922462704,-0.288889723327,-0.298270297271,-0.326074142135,-0.394420818749,-0.568453102,-0.962722354423
0.0,-0.307080811874,-0.299305052686,-0.29436131136,-0.294683872233,-0.304761462143,-0.33398022717,-0.405548882383,-0.588317279004,-0.99358918699
0.0,-0.281823073899,-0.273769171313,-0.268081949535,-0.266860405405,-0.273924651099,-0.29712501189,-0.355451997153,-0.504525135053,-0.871521684646
0.0,-0.288749879232,-0.280771393337,-0.275285076918,-0.27447966016,-0.282354756133,-0.307174834258,-0.369074897302,-0.52736328078,-0.907866314839
0.0,-0.296032426178,-0.288131611841,-0.282853263118,-0.282480069153,-0.291197801757,-0.317694354429,-0.383251388495,-0.550691743621,-0.941139910627
0.0,-0.291987110016,-0.284032842808,-0.27861317898,-0.277947857279,-0.286091961102,-0.311415656735,-0.374258285255,-0.534054123019,-0.910842480363
0.0,-0.267095590297,-0.258887149479,-0.252787195106,-0.250710311368,-0.256112904215,-0.276023622453,-0.327224537168,-0.458400651656,-0.795629298488
0.0,-0.270876613127,-0.262718048922,-0.256750080459,-0.25494547858,-0.260878763037,-0.281856816824,-0.33545477567,-0.473141240407,-0.825527312047
0.0,-0.256821947511,-0.248518108245,-0.242162408807,-0.239555062938,-0.243931251272,-0.261834250258,-0.308792995306,-0.429739787896,-0.748962810093
0.0,-0.258217086968,-0.249926849057,-0.243607846826,-0.241076986942,-0.245601447383,-0.263793612963,-0.311356994012,-0.43373181682,-0.755440707711
0.0,-0.259247796672,-0.250976567305,-0.244707159014,-0.242277681586,-0.246999756101,-0.265595195407,-0.314097354495,-0.43922011361,-0.76947503934
0.0,-0.253371051232,-0.245038640036,-0.238605921806,-0.235838406838,-0.239905334023,-0.257209354195,-0.302931536902,-0.421036131239,-0.735833221524
0.0,-0.261781981582,-0.253534220645,-0.247327640412,-0.24502837088,-0.250002409938,-0.269091486162,-0.318640830761,-0.446309864144,-0.781096446993
0.0,-0.256505827241,-0.248203599259,-0.241851491005,-0.239250690046,-0.243639752527,-0.261574591115,-0.308637055436,-0.43003461828,-0.751504244672
0.0,-0.256002610714,-0.247696892684,-0.241335581072,-0.238716075881,-0.243069836455,-0.260937857037,-0.307866578697,-0.428981981993,-0.750356637885
0.0,-0.256403308811,-0.248106319399,-0.241767743235,-0.239194635488,-0.243638680095,-0.261690613734,-0.309046366879,-0.431405199855,-0.756598615765
0.0,-0.256459541637,-0.248159782415,-0.241813969047,-0.239225850741,-0.243639677617,-0.261626371972,-0.308816017741,-0.430612707976,-0.753385921187
0.0,-0.259489243471,-0.251221858369,-0.244962367198,-0.242552976855,-0.247314028171,-0.265989281118,-0.31467996066,-0.440370442171,-0.772471108095
0.0,-0.257755172372,-0.249467779526,-0.243155163104,-0.240636041173,-0.24518375735,-0.263433500753,-0.311183500349,-0.434362523856,-0.759978788011
0.0,-0.252011711406,-0.243667380134,-0.237202913351,-0.234369910702,-0.238310562833,-0.255367513907,-0.300563721202,-0.417360906742,-0.729238756276
0.0,-0.263461429736,-0.255229715983,-0.249066156699,-0.246856159418,-0.252003125636,-0.271431215188,-0.321699788452,-0.451113769935,-0.788893125949
0.0,-0.250912797849,-0.242565219227,-0.236090963406,-0.233236336617,-0.237135588747,-0.25412205154,-0.299226574474,-0.416122146309,-0.730625305829
0.0,-0.252262505718,-0.243929768443,-0.237494646474,-0.234720114464,-0.238773261678,-0.256061773346,-0.301816956233,-0.420359952611,-0.73840451597
0.0,-0.251294154817,-0.242944271693,-0.236464951466,-0.233601188616,-0.237482365495,-0.254422869317,-0.299371661532,-0.415555347197,-0.726011747302
0.0,-0.257318504589,-0.24903815915,-0.242742968611,-0.240258472832,-0.244875104031,-0.263279096168,-0.311455042219,-0.436226213455,-0.769083105369
0.0,-0.260846940315,-0.252584539009,-0.246339564249,-0.243961569044,-0.248782282415,-0.267560564918,-0.316397054417,-0.442034926959,-0.770981003373
0.0,-0.258548862191,-0.25027422563,-0.243995375197,-0.241545966255,-0.246229724123,-0.264753573515,-0.313121515716,-0.438007406858,-0.76833635223
0.0,-0.257030864603,-0.248742143641,-0.242425311517,-0.23989682935,-0.244427589935,-0.26265404472,-0.310404603204,-0.433866086836,-0.762238016332
0.0,-0.250913786911,-0.242559437207,-0.236068070845,-0.233179232931,-0.237011933346,-0.253858469186,-0.298613748107,-0.414361694272,-0.724312941658
0.0,-0.254025661775,-0.245710000316,-0.239320765112,-0.23664186421,-0.240881540102,-0.258539917841,-0.305097409822,-0.425711812433,-0.749082412148
0.0,-0.264014004103,-0.255791307633,-0.249651262936,-0.247489352276,-0.252730234479,-0.272350977237,-0.323073321993,-0.453849078075,-0.796029177464
0.0,-0.264174199467,-0.25595091527,-0.24980973076,-0.247645977813,-0.25288305655,-0.2724917702,-0.323163149756,-0.453664791974,-0.794155021353
0.0,-0.260107759135,-0.25184147529,-0.245585608052,-0.243184531315,-0.247961292606,-0.266660407557,-0.315364840802,-0.44088785029,-0.771302342614
0.0,-0.260034390303,-0.251773214931,-0.24553022007,-0.243154871599,-0.247981909308,-0.266788001506,-0.315764981367,-0.442205919716,-0.776132030394
0.0,-0.254412000764,-0.246088101504,-0.239678725608,-0.236960388296,-0.24112283185,-0.258610778726,-0.304702645171,-0.423593898868,-0.739125507812
0.0,-0.260197834333,-0.251948380272,-0.24573523909,-0.243420131444,-0.248365531159,-0.267423027807,-0.317034360407,-0.445584454107,-0.787514548914
0.0,-0.260007451829,-0.251748955013,-0.245512989315,-0.243152071888,-0.248007257856,-0.266870407322,-0.315977215268,-0.442772377525,-0.777419119184
0.0,-0.262592474167,-0.25434849616,-0.248152554819,-0.245875748636,-0.250892008934,-0.270054677286,-0.319714977076,-0.447394496723,-0.780055370315
0.0,-0.260035077569,-0.251777256155,-0.24554305597,-0.243185759601,-0.248048036945,-0.266925701055,-0.316065905189,-0.44295159305,-0.777746442087
0.0,-0.257720270699,-0.249440426671,-0.24314715719,-0.240667288259,-0.245292331033,-0.263705922777,-0.311865826942,-0.436389762218,-0.767134062854
0.0,-0.253615007933,-0.245287272964,-0.238867159638,-0.23612599047,-0.240244407814,-0.257650501033,-0.303592722254,-0.42225004499,-0.738245706044
0.0,-0.253504518524,-0.245181799029,-0.238774234545,-0.236058012614,-0.240225105007,-0.25773516091,-0.303944355167,-0.423509511809,-0.743139501022
0.0,-0.244524223177,-0.236107102103,-0.229448373103,-0.226213772348,-0.229378410397,-0.244914411598,-0.286868246397,-0.395571634081,-0.688329984289
0.0,-0.246912861535,-0.238531402701,-0.231966288371,-0.228923234939,-0.232458241648,-0.248733580658,-0.292337909806,-0.405568966341,-0.71197281606
0.0,-0.238231751595,-0.22976494054,-0.222971912502,-0.219457272371,-0.222079813363,-0.236563218029,-0.27633369005,-0.379886729153,-0.661572197752
0.0,-0.252184120589,-0.24383692031,-0.237364695501,-0.234515144198,-0.238421973386,-0.255406535065,-0.300427349322,-0.416699000086,-0.726905077027
0.0,-0.181097570515,-0.172243956189,-0.164398422806,-0.158676989725,-0.157011794907,-0.163157286004,-0.185616225069,-0.247567549819,-0.416008205215
6.520383522e-08,-0.131329424767,-0.12235066985,-0.114075208738,-0.107313223869,-0.103393760837,-0.104790085265,-0.116877982511,-0.153248072474,-0.245415249356
1.14119643513e-07,-0.12779876577,-0.118806560475,-0.11046955432,-0.103555467848,-0.0993034686827,-0.0999800517377,-0.110408095087,-0.142332694347,-0.220226288515
0.0,-0.186722907612,-0.177892055436,-0.170111207358,-0.16452999242,-0.163142740617,-0.16982946425,-0.193383113274,-0.257797446286,-0.432473876265
1.70530256582e-12,-0.23547546193,-0.226994370631,-0.220161976395,-0.216564320968,-0.219026415694,-0.233205092783,-0.272379819065,-0.37472067439,-0.655112959925
8.32558953334e-07,-0.111662573591,-0.102848734055,-0.094667589509,-0.0878223134051,-0.0834074893429,-0.0833961267684,-0.0919820971919,-0.11931218902,-0.185318612088
3.63765252587e-07,-0.117367128505,-0.10841648967,-0.100069694495,-0.0930322683863,-0.0884153159376,-0.0882177976991,-0.0966436166827,-0.123718808701,-0.188726449088
0.0,-0.232880456581,-0.224372214998,-0.21746732076,-0.213720007222,-0.215894257513,-0.2295140804,-0.267516383254,-0.36698579342,-0.640118897659
1.5916157281e-12,-0.235078265696,-0.226605496849,-0.219793762975,-0.216236746531,-0.218777052665,-0.233120017581,-0.272708548703,-0.376431528711,-0.662721118948
0.0,-0.24377477318,-0.23536917048,-0.228738524208,-0.225558264351,-0.228826805457,-0.244584031668,-0.287115505129,-0.397833809046,-0.699077716531
3.56592408934e-07,-0.119464169096,-0.110567233805,-0.102362095519,-0.0956184274249,-0.091581546869,-0.0925677083155,-0.103661066348,-0.137899268541,-0.225965567275
2.62755452241e-06,-0.107629628465,-0.0992297335862,-0.0914678412414,-0.0850719443642,-0.0811559872105,-0.0817369989732,-0.091164156398,-0.12016567405,-0.190754268789
2.36630626205e-06,-0.10864998749,-0.100218830398,-0.0924661826491,-0.0861462604022,-0.0824326234748,-0.083485888013,-0.0940566095952,-0.126260437543,-0.207421720079
2.35546622207e-08,-0.139388607525,-0.130440381496,-0.12227695039,-0.115785779755,-0.11245634398,-0.115125874335,-0.130135903312,-0.174346693169,-0.292860231338
9.0981870926e-08,-0.129037425454,-0.120063241624,-0.11178406868,-0.104997252102,-0.101004596104,-0.102220477731,-0.113877321863,-0.149129161669,-0.237922157565
0.0,-0.305897603679,-0.298093296056,-0.293074843913,-0.293242638892,-0.303009642573,-0.331560359846,-0.401434640749,-0.578655595926,-0.971017837487
0.0,-0.308789210163,-0.301033396602,-0.296143737986,-0.296579525581,-0.306877511744,-0.336527585157,-0.40899521488,-0.593724969992,-0.998472267774
0.0,-0.290456371019,-0.282480593566,-0.27700215514,-0.276211793258,-0.284105187938,-0.308911923011,-0.370571639219,-0.527152547041,-0.898330933025
9.23343338854e-06,-0.0106795103724,-0.0124779028996,-0.0146565235743,-0.0172888439206,-0.0204584537139,-0.0251664216814,-0.035777256136,-0.0618412719274,-0.117280286362
0.000280246455418,-0.000820230738441,-0.00323886164426,-0.00613838958327,-0.00961462870282,-0.0137826343748,-0.0187804520162,-0.02671597893,-0.0424423591303,-0.0712270740535
0.0,-0.0597045383122,-0.0527055169631,-0.0474374181636,-0.0435861274701,-0.0410445679865,-0.0403026677023,-0.044201309433,-0.0590835925484,-0.0930418729797
2.37435261852e-05,-0.0718823174234,-0.0673425080613,-0.062886487298,-0.0591640569704,-0.057134212361,-0.0584856263297,-0.0668083659109,-0.0906648288143,-0.144962491542
1.8197733084e-05,-0.0770173417243,-0.0712984050062,-0.0657971739034,-0.0611545544451,-0.0582659677058,-0.0586680986396,-0.0655711079493,-0.0863997878006,-0.132789647079
1.68249698618e-07,-0.127188457066,-0.118242714247,-0.109998657774,-0.103248399645,-0.0992778764015,-0.100465301482,-0.111957730356,-0.146658141131,-0.233608984148
7.1934891821e-08,-0.129096216727,-0.120085524015,-0.111722508374,-0.104776238347,-0.100491244338,-0.101144548227,-0.111575139945,-0.143544325879,-0.221489117969
0.0,-0.264214766617,-0.255984856708,-0.249826810268,-0.247629032715,-0.252799253748,-0.272266158508,-0.322581448259,-0.451913395729,-0.788205192181
0.0,-0.263218782863,-0.254976853364,-0.24878693485,-0.246523430782,-0.251566030012,-0.270778526324,-0.320532668765,-0.448398420396,-0.781648414301
0.0,-0.279093354147,-0.271011456515,-0.265249371677,-0.263872639841,-0.270635799669,-0.293242451724,-0.350295563637,-0.496264487196,-0.8595438326
0.0,-0.274000790128,-0.265861488338,-0.259946676432,-0.258253976992,-0.264402148083,-0.285781713184,-0.340129134974,-0.479050440366,-0.829199778583
0.0,-0.262379358109,-0.254137105719,-0.247945266055,-0.24567661378,-0.250710300208,-0.269918038396,-0.319728000893,-0.448091576543,-0.784794090367
0.0,-0.249926410377,-0.24156132067,-0.235041621659,-0.232094690135,-0.235815449577,-0.25244145181,-0.296718643707,-0.411231033794,-0.718076251651
0.0,-0.245980567499,-0.237583422852,-0.230976742636,-0.227847865283,-0.231215832139,-0.247157531464,-0.290025083702,-0.401300755252,-0.702472955699
0.0,-0.22416272141,-0.21557257405,-0.208448696527,-0.204248208924,-0.205547070549,-0.217455516429,-0.251826123867,-0.342184726547,-0.5897950508
0.0,-0.24994441487,-0.241582556812,-0.235070894814,-0.232139834665,-0.235891307728,-0.252582220101,-0.297024352343,-0.412098429452,-0.721370568741
0.0,-0.268034696772,-0.259840961444,-0.253779715772,-0.25178259828,-0.257341574518,-0.277572182011,-0.329516807156,-0.462857634005,-0.80645114443
0.0,-0.272728648055,-0.264577640784,-0.258631381058,-0.256873342325,-0.262894960908,-0.284027011677,-0.33785298972,-0.475541127724,-0.824075679241
0.0,-0.265994435052,-0.25778028155,-0.251664660884,-0.249555153777,-0.254896252819,-0.274696010591,-0.325706122831,-0.456667092794,-0.795468275912
0.0,-0.264598925175,-0.2563728586,-0.250225124561,-0.248048827075,-0.253260924662,-0.27281061504,-0.323303495078,-0.453077180781,-0.790261296418
0.0,-0.260386095609,-0.252119994125,-0.245863429507,-0.243458188918,-0.248220699251,-0.266876151377,-0.315438297938,-0.440372259525,-0.76782302767
0.0,-0.238261598537,-0.229798565324,-0.2230138996,-0.219513517277,-0.222159325918,-0.236684503181,-0.276549291345,-0.380395064431,-0.663399144517
0.000139437568123,-0.00113015077568,-0.00392299768737,-0.00727421039608,-0.0112952832559,-0.0161198466654,-0.022509898911,-0.0336809740504,-0.0592204321437,-0.112031939137
0.0,-0.0163908537825,-0.017666427445,-0.0192429900541,-0.0211742530118,-0.0235159863905,-0.0276470173276,-0.0394054842906,-0.0697088379846,-0.137965943778
0.0,-0.290071250117,-0.282083787733,-0.276575707496,-0.27572593861,-0.283503911882,-0.308069350263,-0.369144941538,-0.523961225295,-0.890900425921
0.0,-0.315066099236,-0.307386184199,-0.30269897921,-0.303555581354,-0.314679635232,-0.346003737787,-0.422263547497,-0.617109465859,-1.0317998609
0.0,-0.296943288549,-0.289044207669,-0.283772163236,-0.283413344283,-0.292154439564,-0.318664891305,-0.38409385852,-0.550347821076,-0.934232847154
0.0,-0.315805036561,-0.308131135999,-0.303460202679,-0.304350781255,-0.315540763529,-0.346993357549,-0.423519210407,-0.618935698217,-1.03343541471
0.0,-0.310190745469,-0.302448696208,-0.297595846474,-0.298108125977,-0.308555533967,-0.338504701892,-0.411633974099,-0.598060610887,-1.00446595357
0.0,-0.310484726567,-0.302749011601,-0.297912453985,-0.298458037716,-0.308972094918,-0.339066621002,-0.412576009986,-0.600285103281,-1.00921322802
0.0,-0.300941677414,-0.293085317594,-0.287927741625,-0.287807009154,-0.297012663664,-0.324448142638,-0.391894370883,-0.563148871308,-0.951514775951
0.0,-0.285321192312,-0.277284969093,-0.271645625285,-0.27052242617,-0.277768730659,-0.301287819316,-0.360138338992,-0.509688494458,-0.871628802932
0.000111286531023,-0.00123270132372,-0.00418539567931,-0.0077228760548,-0.0119594128495,-0.0170306928599,-0.0242160487185,-0.0375450849942,-0.0686216035956,-0.136838033999
0.000232740549563,-0.00101480016963,-0.00376612943103,-0.00707752527978,-0.0110651222103,-0.0158699265858,-0.0221569410517,-0.0330718754691,-0.0580275520243,-0.109548579504
0.0,-0.241817423696,-0.233384380756,-0.22668112061,-0.223351331402,-0.226329548798,-0.241506593309,-0.28274878987,-0.389992899684,-0.681406219772
0.0,-0.266170627357,-0.257960590311,-0.251855522497,-0.249767303264,-0.255149736676,-0.275034829804,-0.326249824144,-0.457837443977,-0.798531536736
0.0,-0.266256422425,-0.258041340104,-0.251923660778,-0.249810319258,-0.255143366163,-0.274921341295,-0.325854692496,-0.456459859415,-0.793417491907
0.0,-0.27332978375,-0.265187630374,-0.259264598706,-0.257554170991,-0.263668395843,-0.284987723534,-0.339241663093,-0.47813382934,-0.829655982518
0.0,-0.273580410979,-0.265442686578,-0.25953134434,-0.257845082799,-0.264006868311,-0.285423866513,-0.339905226046,-0.479450227234,-0.832591072298
0.0,-0.268980952389,-0.260792064942,-0.254744563317,-0.252776721178,-0.258391296324,-0.278720278044,-0.330818569095,-0.464213719804,-0.805381085526
0.0,-0.267345339851,-0.259149645559,-0.253082474747,-0.251072264997,-0.256606276812,-0.276794977951,-0.328688632302,-0.462117575192,-0.807325860628
0.0,-0.271303659404,-0.263140104751,-0.257159961819,-0.255331249009,-0.261215732992,-0.28207997979,-0.335345652599,-0.471729898903,-0.818626962055
0.0,-0.280221101282,-0.272148482322,-0.266411533323,-0.265087192342,-0.271951289824,-0.294751364253,-0.352190796357,-0.498932662478,-0.861782702384
0.0,-0.286302788118,-0.278298791837,-0.272744562176,-0.271798586125,-0.279400001881,-0.303673856992,-0.364371162838,-0.519583951864,-0.896144554112
0.0,-0.270981050969,-0.262816971985,-0.256835098883,-0.255002454394,-0.260879735639,-0.281734202884,-0.335001874975,-0.471521653324,-0.819621483238
0.0,-0.269232630735,-0.261055846033,-0.255039393345,-0.253134525289,-0.258872920192,-0.279463276084,-0.332211102108,-0.467698105691,-0.815807139396
0.0,-0.258153271897,-0.249865595781,-0.243553109102,-0.241035464476,-0.245586283187,-0.263835908886,-0.311549158605,-0.434438831901,-0.758205757547
0.0,-0.262345856231,-0.254108601681,-0.247929012367,-0.245684213006,-0.250763775506,-0.270069378652,-0.320133344136,-0.449361269632,-0.788999263985
0.0,-0.26808068722,-0.259892532998,-0.253845720323,-0.251877973841,-0.257494376979,-0.277843785289,-0.33007139061,-0.464250733707,-0.809947329773
0.0,-0.259137752176,-0.25086473558,-0.244590562159,-0.242151231825,-0.246854222909,-0.265412051963,-0.313833396915,-0.438756009179,-0.768666540846
0.0,-0.260269834165,-0.252012477885,-0.245779167275,-0.243423115372,-0.248287183709,-0.267168959904,-0.316325642773,-0.443303444038,-0.778703354408
0.0,-0.257956308078,-0.249679324757,-0.243393522263,-0.240928963687,-0.245584074676,-0.264060022788,-0.312370157235,-0.437371045292,-0.770051771131
0.0,-0.255875008219,-0.247567082394,-0.241200166765,-0.238569444161,-0.242901490383,-0.26072449511,-0.307543756417,-0.428314970958,-0.748475268488
0.0,-0.265008862724,-0.256800336292,-0.250697425012,-0.248611448262,-0.253999421819,-0.273915452521,-0.325302992431,-0.457894642435,-0.804190017919
0.0,-0.26051284298,-0.252260100545,-0.246039143359,-0.243709004036,-0.248624721445,-0.267613689973,-0.317023746209,-0.444770755938,-0.783000110997
0.0,-0.261915061188,-0.253668057004,-0.247463368055,-0.245167814118,-0.250148941576,-0.269252726434,-0.318839042341,-0.446636104152,-0.78201033792
0.0,-0.261785487647,-0.253533164506,-0.247314892111,-0.244992036432,-0.249920283205,-0.268914991219,-0.318239606226,-0.445240270774,-0.778256634782
0.0,-0.269327372812,-0.261142360741,-0.255105061049,-0.253158151813,-0.258813321054,-0.279223677237,-0.331505139132,-0.465408763232,-0.807962007828
0.0,-0.282946244414,-0.27490440827,-0.269249227149,-0.268093880689,-0.275286968882,-0.298744910006,-0.357641779445,-0.508191917726,-0.877416920225
0.0,-0.277923980781,-0.269829784601,-0.264034650335,-0.26258910898,-0.269218337501,-0.291560388375,-0.348044357823,-0.492602980691,-0.853650716395
0.0,-0.277190045285,-0.269086989645,-0.26326855169,-0.261775155448,-0.268311239113,-0.290465237705,-0.346522676524,-0.489914021987,-0.848628141394
0.0,-0.29474879218,-0.28683015415,-0.281505098935,-0.281035890387,-0.289564975328,-0.315671807239,-0.380305254141,-0.545038264512,-0.930394625182
0.0,-0.297911165668,-0.290028267133,-0.28479853839,-0.284526980996,-0.293441517599,-0.320318783758,-0.386651300767,-0.55571273077,-0.945644675425
0.0,-0.303017205387,-0.295188584827,-0.290104306549,-0.290135258236,-0.299639891565,-0.327691732667,-0.396586383898,-0.572015124973,-0.967562762388
0.0,-0.276964712538,-0.268848769549,-0.262996975317,-0.261435021691,-0.267833822054,-0.289691144969,-0.344989786201,-0.485853247492,-0.836098001276
0.0,-0.281048618835,-0.27298272289,-0.267263989324,-0.265977671547,-0.272915310958,-0.295857619999,-0.35358823247,-0.500969538418,-0.864261443392
0.0,-0.284483547817,-0.276457312588,-0.27084409804,-0.269776288342,-0.277140311415,-0.300937866542,-0.360572541386,-0.512982924375,-0.885181854489
0.0,-0.284931609149,-0.276905525102,-0.27129343041,-0.270228555352,-0.277596620989,-0.301389504114,-0.360950751568,-0.512819871058,-0.881709722183
0.0,-0.281898135584,-0.273839557917,-0.268140725225,-0.266896061689,-0.273914351848,-0.2970123532,-0.355059167783,-0.503115885893,-0.866672907886
0.0,-0.294320617978,-0.286403633945,-0.281081924307,-0.280618632817,-0.289161259242,-0.31531225138,-0.38012926219,-0.545806692066,-0.93520477185
0.0,-0.295679041476,-0.287771138992,-0.282474695468,-0.282064840282,-0.290709966822,-0.317050117002,-0.382204496457,-0.548304663987,-0.935499858482
0.0,-0.288941000662,-0.280956163742,-0.275454465241,-0.274618677122,-0.282431832701,-0.307104372378,-0.368560966457,-0.525080021874,-0.899414612617
0.0,-0.311819421417,-0.304101108777,-0.29931025848,-0.299950226156,-0.310651240012,-0.341137539698,-0.415598414481,-0.606195013019,-1.01975076081
0.0,-0.303662303766,-0.295843431757,-0.290785057814,-0.290869843751,-0.300480753031,-0.328751089203,-0.398154682377,-0.575022726074,-0.972794213732
0.0,-0.299657799907,-0.291799786238,-0.286636124159,-0.286501751703,-0.295686890903,-0.323120140464,-0.390748132456,-0.563500254428,-0.959933416875
0.0,-0.292392615927,-0.28444796985,-0.279053530722,-0.27844034323,-0.286688177089,-0.312231118408,-0.375613301369,-0.537100486038,-0.918167897151
0.0,-0.293218135036,-0.285283374171,-0.279915184987,-0.279356380833,-0.287710815224,-0.313469970336,-0.377343919126,-0.540172913452,-0.923468148852
0.0,-0.291993077563,-0.284042699395,-0.278632985941,-0.277988103591,-0.286173912208,-0.311591899343,-0.374694068857,-0.535439973554,-0.915421767558
0.0,-0.286005239664,-0.277988262129,-0.272400735427,-0.271386973857,-0.278853726457,-0.302837620627,-0.362791684412,-0.51552981336,-0.884945903186
0.0,-0.291680958619,-0.283726445148,-0.278305850986,-0.27763849567,-0.285779930426,-0.311105779569,-0.37398811407,-0.534076765975,-0.91253714267
0.0,-0.296953685629,-0.289061074665,-0.283805481745,-0.283480489347,-0.292291496255,-0.318964216902,-0.384855654886,-0.552855138615,-0.942268956537
0.0,-0.292423168039,-0.28447992475,-0.279089055819,-0.278483130734,-0.286745562759,-0.312320852679,-0.375789806827,-0.537582302282,-0.919541421739
0.0,-0.276748484474,-0.268644544728,-0.262823268979,-0.261323547231,-0.267848253118,-0.289987302564,-0.346050214883,-0.48966446646,-0.850199532658
0.0,-0.275839270783,-0.267722765724,-0.261868452864,-0.260300782339,-0.266692634428,-0.288560922545,-0.343997976802,-0.485822981598,-0.841931976672
0.0,-0.280149886142,-0.27207820068,-0.266343551855,-0.265023898825,-0.271897993195,-0.294723126052,-0.352242372935,-0.499334696896,-0.863972087555
0.0,-0.290561840231,-0.282597102882,-0.277148888238,-0.276424016306,-0.284454390672,-0.309565672942,-0.37201042425,-0.53117325287,-0.909746221631
0.0,-0.294838203248,-0.286918933737,-0.281592402151,-0.281120294285,-0.289643153896,-0.315733501915,-0.380310896699,-0.544793209531,-0.929191660996
0.0,-0.301937100256,-0.294095999151,-0.288978726101,-0.288941485714,-0.298312256733,-0.32609040639,-0.394351127036,-0.567998581794,-0.960776959346
0.0,-0.283983626478,-0.275949938862,-0.270317215583,-0.269209224753,-0.276493808553,-0.300125193132,-0.359356976937,-0.510521164311,-0.879253108455
0.0,-0.294160275162,-0.286233124439,-0.280885533299,-0.280369665698,-0.288806969687,-0.314725721766,-0.378922132762,-0.54241161314,-0.925404379505
0.0,-0.285481979416,-0.277464904245,-0.27187645938,-0.270860292022,-0.278324187124,-0.302315094962,-0.362345529302,-0.515605111175,-0.887855051272
0.0,-0.279327879909,-0.271250298184,-0.265499579696,-0.26414635733,-0.270956022007,-0.293659415869,-0.350943752679,-0.497610646097,-0.862815502348
0.0,-0.286593884275,-0.278587015306,-0.273026148569,-0.272067400925,-0.279642087198,-0.303846649845,-0.364311082972,-0.518482053256,-0.890598458921
0.0,-0.287786451998,-0.279797984714,-0.274285582568,-0.273426871605,-0.281198443635,-0.305808827967,-0.367228507897,-0.524191671169,-0.902587277327
0.0,-0.281857017945,-0.273805029167,-0.268122903001,-0.266912103848,-0.273998271554,-0.297246441406,-0.355696279378,-0.505187783518,-0.873736384794
0.0,-0.280403815262,-0.2723361728,-0.266612155209,-0.265314410313,-0.272231546424,-0.295145190851,-0.352871967638,-0.500568229978,-0.866654853018
0.0,-0.281047561181,-0.272986924468,-0.267281586848,-0.266022486729,-0.273014566395,-0.296076299395,-0.354122653009,-0.50260557804,-0.869621757298
0.0,-0.270691919794,-0.262520981488,-0.256521119387,-0.254651603096,-0.260457144453,-0.281166549686,-0.334103972581,-0.469712947482,-0.815849805185
0.0,-0.275326190938,-0.267201613159,-0.261325897161,-0.259713913961,-0.266018858173,-0.287710530751,-0.342744181559,-0.48344559894,-0.836943683715
0.0,-0.279378986826,-0.27130660692,-0.265569007424,-0.264242160021,-0.271104091109,-0.293921500621,-0.351507090576,-0.499228736608,-0.868023919671
0.0,-0.28670674156,-0.278699543226,-0.273137749378,-0.272176928207,-0.279747133534,-0.30394142046,-0.364378521883,-0.518456992594,-0.890304314184
0.0,-0.286452031395,-0.278449367202,-0.272898882604,-0.271961037948,-0.279578877898,-0.303886208778,-0.364657612906,-0.520063499335,-0.89705327023
0.0,-0.277738124246,-0.269645480625,-0.26385427604,-0.262416833618,-0.269062985112,-0.291445144168,-0.348047315612,-0.493083382034,-0.856347348012
0.0,-0.285215372574,-0.277194498986,-0.27159599683,-0.270559002395,-0.277981927382,-0.301888904688,-0.361724321919,-0.514423210403,-0.885363727438
0.0,-0.28547285592,-0.277456816761,-0.27187098456,-0.270860112654,-0.278334720528,-0.30234982128,-0.362447077298,-0.515951147127,-0.889027719399
0.0,-0.285996673669,-0.277981737061,-0.272399377642,-0.271396103848,-0.278883995318,-0.302915086581,-0.362996742642,-0.516184264968,-0.886955296603
0.0,-0.274154564127,-0.266024355706,-0.260132830653,-0.258487470278,-0.264729562949,-0.286311076907,-0.341175533287,-0.481834464928,-0.838031111024
0.0,-0.278515150355,-0.270423078887,-0.26463428148,-0.263202517531,-0.269857357037,-0.292239988736,-0.348760940752,-0.493131063329,-0.851937277209
0.0,-0.280574948576,-0.272515865365,-0.266813822681,-0.265560778768,-0.272566380279,-0.295668939293,-0.353873317097,-0.5031314363,-0.873780557935
0.0,-0.273337414061,-0.265194770123,-0.259270598169,-0.257558090426,-0.263668576656,-0.284980304823,-0.339214800573,-0.478041932092,-0.829417800526
0.0,-0.278651603314,-0.27057652755,-0.264831171413,-0.263487794852,-0.270319001607,-0.293085693083,-0.350610727199,-0.498451415387,-0.869289305003
0.0,-0.275409319712,-0.267286882135,-0.261416875437,-0.259816801226,-0.266145303226,-0.287885280666,-0.343030058906,-0.484040343774,-0.83819957481
0.0,-0.281062030652,-0.273010311864,-0.267327513882,-0.266113981205,-0.273197298424,-0.296461230978,-0.355053344197,-0.50550267369,-0.879552045347
0.0,-0.275589502132,-0.267468154831,-0.261601088799,-0.260007059601,-0.266346874328,-0.28810733164,-0.34328834272,-0.48434715734,-0.838286128926
0.0,-0.276460718314,-0.26835033688,-0.262512124616,-0.260977421406,-0.267432995045,-0.289428333266,-0.345148412187,-0.487735632049,-0.845512322008
0.0,-0.273177094193,-0.265026897958,-0.259083213071,-0.257330796881,-0.2633620872,-0.28450499032,-0.338315157647,-0.475752491014,-0.822371973802
0.0,-0.289291029904,-0.281311864724,-0.275825083415,-0.275020121013,-0.282894260084,-0.307693881324,-0.369455109396,-0.526888527523,-0.903366729946
0.0,-0.295793616198,-0.287894650098,-0.282621082046,-0.282257975486,-0.290997252426,-0.31754581908,-0.383259078306,-0.551343897203,-0.944447481847
0.0,-0.289766786183,-0.28179312869,-0.276321154272,-0.275547025297,-0.283481170586,-0.308399149031,-0.370412547652,-0.528435922486,-0.905188754182
0.0,-0.290928510317,-0.282967544138,-0.277529356743,-0.27682516065,-0.284895473345,-0.310085246362,-0.372697534886,-0.532255522663,-0.911006492658
0.0,-0.289127553446,-0.281153462665,-0.275679261918,-0.274899530355,-0.282824903719,-0.307742928073,-0.369843957113,-0.528571865647,-0.909352369875
0.0,-0.280698394457,-0.272633032923,-0.266915207705,-0.265630320894,-0.272571888908,-0.295530775729,-0.353340166397,-0.501147887227,-0.866529252426
0.0,-0.271029853144,-0.262866784454,-0.256887566648,-0.255060458638,-0.260948945268,-0.281827728582,-0.335157486493,-0.471885442601,-0.820774010479
0.0,-0.27607784126,-0.267961043572,-0.262106181224,-0.260537485834,-0.266926383543,-0.288783011519,-0.344167096974,-0.48570260673,-0.840121538587
0.0,-0.276169901203,-0.268053741622,-0.262200542424,-0.260635207244,-0.267030472325,-0.288899453803,-0.344310234538,-0.485917589521,-0.840553661232
0.0,-0.279957497162,-0.271887989989,-0.266158536873,-0.264848943,-0.271743114161,-0.294615138039,-0.352272552961,-0.499898102421,-0.866276935884
0.0,-0.274743905227,-0.266623859335,-0.260759034707,-0.259168565502,-0.26551797159,-0.287318177143,-0.342687181599,-0.484772831851,-0.844218710789
0.0,-0.280770962235,-0.272714875178,-0.267020735259,-0.265783960075,-0.272821276224,-0.295987880795,-0.354337416373,-0.503991858321,-0.875380721477
0.0,-0.280633204867,-0.272561085413,-0.266825946495,-0.265505690873,-0.272376254649,-0.295179266445,-0.352577207524,-0.498947887569,-0.859288620683
0.0,-0.279171965264,-0.271077148588,-0.265282352073,-0.263839376089,-0.270469774948,-0.292782445243,-0.349045015847,-0.492185273671,-0.845095478534
0.0,-0.286217451801,-0.278214489751,-0.272662821404,-0.271722063859,-0.279334504368,-0.303635453397,-0.364416527184,-0.519979804852,-0.898039937196
0.0,-0.287756619986,-0.279767455182,-0.274253175945,-0.273390533673,-0.281154345262,-0.305748926216,-0.367132301273,-0.523990445172,-0.902094488593
0.0,-0.293272403528,-0.285341633152,-0.279983642484,-0.279445580534,-0.287841393134,-0.31369070362,-0.377800603697,-0.541435893217,-0.926940293333
0.0,-0.286655879151,-0.278648572422,-0.273086671939,-0.272125910978,-0.279696439217,-0.303890686247,-0.364322621677,-0.518360867848,-0.890040732635
0.0,-0.290038313129,-0.282082969895,-0.276657932056,-0.275979686311,-0.284106299126,-0.309447011528,-0.372578601161,-0.534501436482,-0.92321167276
0.0,-0.281189908914,-0.273140276084,-0.267463109817,-0.266261381751,-0.273367907583,-0.29667837641,-0.355372653717,-0.506079820172,-0.880454472301
0.0,-0.262771463655,-0.254530077735,-0.248341003676,-0.246078507006,-0.251123313713,-0.270346017831,-0.320153166512,-0.448313184639,-0.783092725387
0.0,-0.269234675395,-0.261057799761,-0.255041197449,-0.253136119801,-0.258873999492,-0.279462146315,-0.332199068463,-0.467624637018,-0.815373013966
0.0,-0.270079237498,-0.26191458297,-0.255930017017,-0.254090747277,-0.259957508592,-0.280809935723,-0.334165791325,-0.471414330949,-0.824426563153
0.0,-0.267265830442,-0.259069205085,-0.252999713542,-0.250985002008,-0.256510712846,-0.276683306579,-0.3285406766,-0.461863988046,-0.806753328918
0.0,-0.273581129606,-0.265442273688,-0.259527987633,-0.257835698925,-0.263985628455,-0.285377896585,-0.339799192528,-0.479155564981,-0.83168893604
0.0,-0.271849820254,-0.263692834833,-0.257730145531,-0.255937604886,-0.261892966311,-0.282900712956,-0.336491997706,-0.473780957347,-0.823000851836
0.0,-0.28211654887,-0.274066121879,-0.268388181285,-0.267185879238,-0.274287554445,-0.297562152129,-0.356049694545,-0.505512935749,-0.872827548462
0.0,-0.277546307466,-0.26945027901,-0.263650247749,-0.262194672641,-0.268804977002,-0.291111793893,-0.347528676358,-0.491968383732,-0.853191723892
0.0,-0.276699894899,-0.268596594831,-0.262776824381,-0.261280022796,-0.267810736105,-0.289964667308,-0.346074783757,-0.489889044788,-0.851292071167
0.0,-0.273448145533,-0.265308276814,-0.259391379798,-0.257693831145,-0.263833683917,-0.28520582351,-0.339581810695,-0.478816732313,-0.831148992318
0.0,-0.278628223107,-0.270544210523,-0.264776157487,-0.263386736566,-0.270125727611,-0.292688952862,-0.349669439945,-0.495562856832,-0.859234077995
0.0,-0.273776365534,-0.265640786693,-0.259735066049,-0.258060345764,-0.264244725148,-0.285708066433,-0.340298213775,-0.480166272839,-0.834268535517
0.0,-0.271465075161,-0.26330766311,-0.257343337036,-0.25554689283,-0.261495376695,-0.282496406198,-0.336108225256,-0.47364200789,-0.824653170633
0.0,-0.270733466371,-0.262568610437,-0.256584454684,-0.254746996296,-0.260615866289,-0.281459058318,-0.334726798462,-0.471376479574,-0.820628770155
0.0,-0.274228555239,-0.266099005818,-0.260209238083,-0.258567410021,-0.264815821683,-0.28640758917,-0.34128387091,-0.481904960844,-0.837313296479
0.0,-0.292392991134,-0.284447707268,-0.279051498962,-0.278434563218,-0.286675138679,-0.31220434561,-0.375560347908,-0.537003770405,-0.918182202431
0.0,-0.276254221277,-0.268149684711,-0.262326132961,-0.26082096535,-0.267335920443,-0.28946455503,-0.345550443556,-0.489469592943,-0.852084391292
0.0,-0.261954111792,-0.253699788272,-0.247476788002,-0.245144754743,-0.250054255926,-0.269003229748,-0.318185334247,-0.444586160416,-0.774592908532
0.0,-0.258177972748,-0.249888869506,-0.243572717677,-0.24104764774,-0.245583946514,-0.263803324516,-0.311443367659,-0.434108401377,-0.757176787588
0.0,-0.262888085281,-0.254658233551,-0.248498652027,-0.246295857781,-0.251458124962,-0.270929840586,-0.321361173888,-0.451565678209,-0.793693290229
0.0,-0.265243767033,-0.257034685068,-0.250930825195,-0.248843676691,-0.254229805237,-0.274139568446,-0.325497068843,-0.457935101824,-0.803755428419
0.0,-0.278869575663,-0.270785593884,-0.265018057708,-0.263630092816,-0.270370981822,-0.292930697368,-0.349867891442,-0.495458684549,-0.857352828255
0.0,-0.265643731588,-0.257432924455,-0.251325220274,-0.24923097163,-0.254602646695,-0.274474920303,-0.325704463006,-0.457560081933,-0.800433042779
0.0,-0.262862638457,-0.25461867547,-0.24842336714,-0.246148750177,-0.251169755957,-0.27033893738,-0.319994509436,-0.44756582048,-0.779578330396
0.0,-0.265981392572,-0.257769189378,-0.251658432097,-0.24955852731,-0.254918154415,-0.274756896835,-0.325865344322,-0.457151102461,-0.797053688118
0.0,-0.275380812207,-0.267266009929,-0.261415224577,-0.259853873421,-0.266259752709,-0.288171255287,-0.343780010663,-0.486472035625,-0.847132111156
0.0,-0.275494800463,-0.267370642787,-0.261496249787,-0.259887218153,-0.266197625413,-0.287897384088,-0.342934671556,-0.483569784158,-0.836454070668
0.0,-0.283486237455,-0.275462171424,-0.269853134102,-0.268792603812,-0.276174541191,-0.300036158787,-0.359951148658,-0.513846364055,-0.893351980222
0.0,-0.27585124481,-0.267731524065,-0.261868973766,-0.260284533019,-0.266643008547,-0.288439204265,-0.343691010459,-0.484896892459,-0.838999827552
0.0,-0.280339370976,-0.272271048088,-0.266545211172,-0.265243627655,-0.272152967179,-0.295049747777,-0.352733292588,-0.500276863913,-0.865659261044
0.0,-0.289490836746,-0.281514912342,-0.276036691036,-0.275249277944,-0.283157183383,-0.308023084798,-0.369925868946,-0.52768915455,-0.904163465983
0.0,-0.297186436048,-0.289303516019,-0.284072874462,-0.283799111737,-0.292713477137,-0.319614332671,-0.386112511241,-0.556238048469,-0.951729759675
0.0,-0.285234270677,-0.277218108571,-0.271631565958,-0.270618946932,-0.278091314797,-0.302109859673,-0.362253399337,-0.51609580894,-0.891302554261
0.0,-0.285285454492,-0.277257512063,-0.271641079694,-0.270567615692,-0.277916865589,-0.301658784552,-0.361044197166,-0.512117494193,-0.877491321482
0.0,-0.291699674465,-0.283755526699,-0.278361277185,-0.277747606056,-0.285997680518,-0.311567515456,-0.375118787786,-0.537649594074,-0.924104098888
0.0,-0.287874503393,-0.279882846039,-0.274362421628,-0.27348748442,-0.281226231123,-0.305762202843,-0.366974409661,-0.523165923197,-0.898915801278
0.0,-0.288760106157,-0.280778172483,-0.275283656474,-0.274462390081,-0.282305723614,-0.307050614328,-0.368723687686,-0.52610176588,-0.903512411255
0.0,-0.289708449847,-0.281735177315,-0.276263980408,-0.275491209361,-0.28342838018,-0.308356002121,-0.370409010887,-0.528635342517,-0.906318790805
0.0,-0.278358225701,-0.270265340415,-0.264474304372,-0.263037994787,-0.269684917784,-0.292056188644,-0.348572476709,-0.49305158704,-0.853142227484
0.0,-0.284748519194,-0.276740443712,-0.271173950439,-0.270201619036,-0.277756173895,-0.301966126794,-0.362665406686,-0.518672375834,-0.901834442342
0.0,-0.280631879431,-0.272560314288,-0.266826701554,-0.265509757804,-0.272387207817,-0.295205343663,-0.352642241795,-0.499149431614,-0.860098851515
0.0,-0.285235218536,-0.27722005214,-0.271636032747,-0.270628312022,-0.278109426605,-0.302143278166,-0.362312547665,-0.516168436512,-0.8907367193
0.0,-0.274048933664,-0.265908562035,-0.259991041289,-0.258292819321,-0.264429746555,-0.285783845699,-0.340061466184,-0.478733506155,-0.82801794983
0.0,-0.28051345154,-0.272448810963,-0.266732580445,-0.265450738616,-0.272399110001,-0.29537782771,-0.353261644928,-0.501433868925,-0.868667046473
0.0,-0.277421830957,-0.269314219291,-0.263484527549,-0.261968621602,-0.268459031641,-0.29050737633,-0.346261257894,-0.488487497859,-0.842615214725
0.0,-0.288616240256,-0.28063826468,-0.275153478187,-0.274351652754,-0.282234715453,-0.307073264528,-0.369024036738,-0.527511831316,-0.909100319849
0.0,-0.287296361356,-0.279297807893,-0.273758990797,-0.272845861007,-0.280509854205,-0.304895413505,-0.365772051199,-0.521083981973,-0.895534634148
0.0,-0.286427664924,-0.27841667095,-0.272844866859,-0.271863420485,-0.279393318627,-0.303505816106,-0.363756151056,-0.517321215317,-0.888258331161
0.0,-0.295867960642,-0.287958660604,-0.282658999741,-0.282242760511,-0.290873473491,-0.317172609095,-0.38217821433,-0.547574965586,-0.931800991442
0.0,-0.270465113999,-0.262298726623,-0.256309758595,-0.254461199789,-0.260307661452,-0.281109454785,-0.334311334459,-0.470944062255,-0.821244012593
0.0,-0.268152427298,-0.259960228268,-0.253903125101,-0.251914444672,-0.257488918264,-0.277746787521,-0.329736552015,-0.463112984157,-0.806073091653
1.6611162323e-05,-0.0783352739422,-0.0722972216822,-0.0665119045285,-0.0616065699464,-0.0584440103378,-0.0584888000739,-0.0647660473003,-0.0841393286838,-0.126688054478
1.40759425449e-07,-0.123536148105,-0.114540378874,-0.106175390095,-0.0991798799581,-0.0947340694134,-0.0949773730117,-0.104422964626,-0.133897423677,-0.204862510201
2.36775576923e-08,-0.138491505558,-0.129509006149,-0.1212566426,-0.114584252158,-0.11090282616,-0.112860566353,-0.126252503279,-0.165915232263,-0.267761530146
1.29048203235e-08,-0.139515924796,-0.130505877223,-0.122192108071,-0.11540997606,-0.111543490307,-0.113176284519,-0.125910320957,-0.163857941419,-0.259812897048
4.96681877848e-08,-0.135812813001,-0.126822369719,-0.11853258348,-0.111764171918,-0.107864518159,-0.109332369211,-0.121554438846,-0.157956378197,-0.248675654922
0.0,-0.251631750034,-0.243281713803,-0.236801137397,-0.233933121844,-0.237803450208,-0.254719882174,-0.299621053936,-0.41574785015,-0.726742595481
0.0,-0.260544454696,-0.252278592665,-0.24602453263,-0.243627871642,-0.248412109027,-0.267116053479,-0.315780509884,-0.440918935993,-0.768302611428
0.0,-0.262465254682,-0.254225325867,-0.248039594349,-0.245783406651,-0.250840957321,-0.270095220066,-0.320003377839,-0.448593419115,-0.785378641969
0.0,-0.267727111189,-0.259541204535,-0.253499654684,-0.251541991738,-0.257178712519,-0.277577272015,-0.329957633974,-0.464773904406,-0.813325967788
0.0,-0.253557655015,-0.245218554195,-0.238769382334,-0.235969655334,-0.239974196822,-0.25714402597,-0.302513596604,-0.419377608126,-0.728925794539
0.0,-0.258521505555,-0.250248578264,-0.243973791858,-0.241532215253,-0.246231525516,-0.264791668239,-0.313268172371,-0.438603298307,-0.77129182738
0.0,-0.25269561228,-0.24435009974,-0.237883357463,-0.235046605715,-0.238979099957,-0.256009562217,-0.301096422119,-0.417344966354,-0.726168000598
0.0,-0.271638603592,-0.263477085689,-0.257502403496,-0.255684922116,-0.261590660168,-0.282494572869,-0.335835950119,-0.472356143474,-0.819077225707
0.0,-0.272309747519,-0.264159062023,-0.25821287251,-0.256454058776,-0.262474734348,-0.28361358736,-0.33750014972,-0.475590639449,-0.826471724222
0.0,-0.268500194007,-0.260313173805,-0.254269819779,-0.252309636707,-0.257939895289,-0.278309891927,-0.33054827393,-0.464569655746,-0.808638026265
0.0,-0.260968090764,-0.252706754338,-0.246464432962,-0.244091667092,-0.248922451989,-0.267722045258,-0.316614267284,-0.44246100548,-0.772548277929
0.0,-0.263418590901,-0.25518706233,-0.24902397816,-0.246814950988,-0.251963856884,-0.271396192461,-0.321676183475,-0.451133825775,-0.789144009945
0.0,-0.263250814656,-0.25501693687,-0.248847721529,-0.246626192728,-0.251750897953,-0.271134457656,-0.321302941647,-0.450441739009,-0.787517589137
0.0,-0.268423528014,-0.260239892565,-0.254204890122,-0.252261264635,-0.257924446663,-0.27836827049,-0.330811389561,-0.465597073222,-0.812834869018
0.0,-0.260416946942,-0.252147262595,-0.245883138047,-0.243465807172,-0.248209902441,-0.266833370881,-0.315318259661,-0.439980221552,-0.766379572258
0.0,-0.2686996924,-0.260522404337,-0.254503839767,-0.252593669739,-0.258322163061,-0.278900779552,-0.3316655277,-0.467427030519,-0.817559605198
0.0,-0.27264646995,-0.264505455299,-0.258584413788,-0.256877011336,-0.262998494181,-0.284346150702,-0.338731570828,-0.478324793003,-0.833328330713
0.0,-0.261536237336,-0.2532798635,-0.247051113648,-0.244706848992,-0.249592785924,-0.268498007493,-0.317599784795,-0.44386686735,-0.773933972515
0.0,-0.26450041566,-0.256273320159,-0.250122761356,-0.247940409493,-0.253140237638,-0.272664251122,-0.323096889951,-0.452695600194,-0.789341208304
0.0,-0.265699857611,-0.257490794619,-0.251387628183,-0.249302609379,-0.254692123946,-0.27460026837,-0.32591082447,-0.457984031475,-0.801231574567
0.0,-0.260470521369,-0.252203073768,-0.245944830506,-0.243539656556,-0.248307817604,-0.266981488269,-0.315587235462,-0.440624811071,-0.768392585878
0.0,-0.271507196902,-0.263356959607,-0.257410982467,-0.255651695188,-0.261673339514,-0.282829698168,-0.336831511205,-0.475634448101,-0.830685009756
0.0,-0.263211961094,-0.254974512122,-0.248795978294,-0.246555338441,-0.251642500759,-0.270948425736,-0.320933128173,-0.449530352264,-0.78513112113
0.0,-0.267798606239,-0.25960935569,-0.253559367958,-0.251584802529,-0.257188378519,-0.277516048369,-0.329714619383,-0.463917687344,-0.81032600693
0.0,-0.266072746865,-0.257866284951,-0.251770287025,-0.249700364347,-0.255118951889,-0.275081810436,-0.326496200027,-0.458750002256,-0.801736060511
0.0,-0.26491000605,-0.256692910819,-0.250568250193,-0.248438697435,-0.253742033279,-0.27348129533,-0.324433819053,-0.455646612718,-0.797651942923
0.0,-0.266101545202,-0.257891632092,-0.251786984109,-0.249699786643,-0.255084369855,-0.274973571956,-0.326195252728,-0.457782933622,-0.798305056325
0.0,-0.270497364246,-0.262334054878,-0.256353518449,-0.254523045887,-0.260406264413,-0.281285167654,-0.334667390757,-0.471811318903,-0.823413735504
0.0,-0.260458892969,-0.252190934121,-0.245931385077,-0.243523555623,-0.248286408038,-0.266948362708,-0.31552194989,-0.440431295072,-0.767428429068
0.0,-0.262762022581,-0.254527838383,-0.248356852583,-0.246130563744,-0.251246805441,-0.270624583884,-0.320838931424,-0.450424594295,-0.790922066875
0.0,-0.264102555008,-0.255880756683,-0.249743305454,-0.247586965467,-0.252838357969,-0.272476950171,-0.323222222248,-0.453958893887,-0.795151717293
0.0,-0.262989967662,-0.254759668019,-0.248598917032,-0.246393573578,-0.251550092567,-0.271007130354,-0.321393222555,-0.451415391221,-0.792704707623
0.0,-0.260879416111,-0.252617978975,-0.246375563584,-0.244002869396,-0.248833960967,-0.267633204711,-0.316516935011,-0.442283984393,-0.771557437517
0.0,-0.262343914612,-0.254105145362,-0.247922131278,-0.245671161009,-0.250739259864,-0.270019120972,-0.320006967747,-0.448931188678,-0.787331061764
0.0,-0.261136004506,-0.25288478576,-0.246668558056,-0.244348875093,-0.249283855471,-0.268301341575,-0.317724446551,-0.445231003928,-0.780833277697
0.0,-0.27356677308,-0.265429294404,-0.259518615828,-0.25783374436,-0.263998251548,-0.285420612838,-0.339912963538,-0.479477677149,-0.832521965101
0.0,-0.276463768942,-0.268355150984,-0.262521703776,-0.260997096321,-0.267473026897,-0.289511127844,-0.34533286182,-0.488217713109,-0.84673421639
0.0,-0.28626636867,-0.278254883701,-0.272681801246,-0.271697858708,-0.27922345654,-0.303329338632,-0.363572729316,-0.517159165217,-0.888408973211
0.0,-0.284227852502,-0.276197408773,-0.27057318822,-0.26948273259,-0.276802025225,-0.300506112912,-0.359914729599,-0.511632232044,-0.882015043296
0.0,-0.289893945736,-0.281922925971,-0.276457692613,-0.275697261259,-0.283658666322,-0.308635788083,-0.370803173795,-0.529353382976,-0.907705172283
0.0,-0.29038529884,-0.282420292858,-0.276971139353,-0.276244130368,-0.284270858405,-0.309378784295,-0.37183529004,-0.531130788503,-0.910501729075
0.0,-0.263726074701,-0.255495594025,-0.249335517356,-0.247133019416,-0.252294732885,-0.27175128601,-0.32207712783,-0.451622064094,-0.789779226807
0.0,-0.279839454052,-0.271762339029,-0.26601344971,-0.264664468395,-0.271480780128,-0.294186064418,-0.351419004131,-0.497643187506,-0.85983018709
0.0,-0.284951738065,-0.276927705,-0.271320808322,-0.270266475619,-0.27765572457,-0.301495752842,-0.361185108567,-0.513521908391,-0.884136489192
0.0,-0.292128187437,-0.284179365412,-0.278773791795,-0.278137456416,-0.286339819259,-0.311790533022,-0.374963550216,-0.535883668591,-0.916020888674
0.0,-0.293930242062,-0.286003574079,-0.280656958431,-0.280142936735,-0.2885850374,-0.314520866744,-0.378791085387,-0.542673366656,-0.927565889633
0.0,-0.293775894004,-0.285847180718,-0.280495161801,-0.279969974229,-0.28839014111,-0.314281038605,-0.378446689397,-0.542029604678,-0.92632930506
0.0,-0.298290803471,-0.290414259337,-0.28520156416,-0.284965673952,-0.293950946232,-0.320973687579,-0.387644132908,-0.557669541412,-0.949530253579
0.0,-0.301462792739,-0.293622377142,-0.288506219282,-0.288470907552,-0.297848305158,-0.325657419044,-0.394071761187,-0.568588318095,-0.965277240369
0.0,-0.27658314372,-0.2684762259,-0.262647106096,-0.261131171017,-0.267623858164,-0.28969642736,-0.345600180788,-0.488724243363,-0.847687762594
0.0,-0.265853744369,-0.257637904705,-0.25151773553,-0.249398673989,-0.254720868689,-0.274482226325,-0.325405761213,-0.456130472626,-0.794323318434
0.0,-0.268554423947,-0.260367492217,-0.254324347036,-0.252364632626,-0.257996173423,-0.278370509248,-0.330626950485,-0.464750029337,-0.809605601723
0.0,-0.269493541234,-0.261321834621,-0.255318715213,-0.253441263035,-0.259233338568,-0.279933521914,-0.332937129063,-0.46916812857,-0.819329207544
0.0,-0.276445162492,-0.268336693336,-0.262503467569,-0.260978996108,-0.267454720731,-0.289491919777,-0.345311303095,-0.48818263353,-0.846441058399
0.0,-0.272269545379,-0.264125607037,-0.258196695248,-0.256473029483,-0.262563567212,-0.283853114457,-0.338127099421,-0.477524851324,-0.83295956591
0.0,-0.269212288548,-0.261035396927,-0.25501861822,-0.253113006031,-0.258849883945,-0.279437352207,-0.332180482883,-0.467669926456,-0.815966966708
0.0,-0.266206781496,-0.257991368878,-0.25187283623,-0.249757698145,-0.255086913576,-0.274855614866,-0.325760702148,-0.456241834865,-0.792409383422
0.0,-0.269145196953,-0.260972210744,-0.254965121669,-0.253078858759,-0.258854523945,-0.279529613554,-0.332517173087,-0.468925270209,-0.821079065326
0.0,-0.273808464761,-0.265673468456,-0.25976940567,-0.258098155184,-0.264288755956,-0.285761333321,-0.340355882811,-0.480134100251,-0.833065985406
0.0,-0.277837211965,-0.269741043817,-0.263940761117,-0.262484542307,-0.269092177133,-0.291387008402,-0.347747977938,-0.491879759213,-0.851290929561
0.0,-0.250889670051,-0.242537185908,-0.236050529941,-0.233170996241,-0.237021262549,-0.25390283266,-0.298739164503,-0.41472850032,-0.725490958484
0.0,-0.255859689759,-0.24756488784,-0.241231026601,-0.238666295321,-0.243127011666,-0.261222760887,-0.308732910635,-0.431816870655,-0.761025489989
0.0,-0.239195057614,-0.230731087458,-0.223946561123,-0.220450923957,-0.223111283106,-0.237665536976,-0.277561529714,-0.38128683782,-0.662550071807
0.0,-0.254403158916,-0.246074842319,-0.23965305304,-0.236907546959,-0.241014139866,-0.258385047654,-0.304208066289,-0.422361524275,-0.735810852152
0.0,-0.23008757993,-0.221543710468,-0.214545489501,-0.210607720186,-0.212414942393,-0.225305110202,-0.261684687322,-0.35667273524,-0.614480588478
0.0,-0.285530830138,-0.277518943397,-0.271943642365,-0.270954118503,-0.278471512527,-0.302581294073,-0.362933152565,-0.517348301097,-0.893530648464
0.0,-0.262085212665,-0.253832541764,-0.247613867055,-0.245290759953,-0.250217989829,-0.269204320254,-0.318477885163,-0.445168830967,-0.776244535273
0.0,-0.264859265697,-0.256626946993,-0.250463727585,-0.248256641104,-0.253407518886,-0.272820667076,-0.322939686814,-0.451347404202,-0.782940030839
0.0,-0.265082799509,-0.256848904764,-0.250681965562,-0.248467668207,-0.253603828665,-0.272981076292,-0.322988399252,-0.450930427996,-0.780302684668
0.0,-0.272589556517,-0.264436572781,-0.258485098822,-0.256716334523,-0.262717103709,-0.283807393483,-0.337540910365,-0.474993939426,-0.823253821199
0.0,-0.291381060801,-0.283433449304,-0.278029835538,-0.277396592285,-0.285608554978,-0.311103543485,-0.374497292907,-0.536670763994,-0.923056211253
0.0,-0.301069058502,-0.293211812774,-0.288051961705,-0.287926480444,-0.297122125069,-0.324533865158,-0.39191117084,-0.562904231845,-0.950518484663
0.0,-0.315930838119,-0.308255278551,-0.303580121069,-0.304461913649,-0.315633244643,-0.34704051558,-0.423428119139,-0.618274170254,-1.0310615819
0.0,-0.281896545959,-0.273843102127,-0.268157316607,-0.266939098969,-0.274010180956,-0.297223885026,-0.35557673107,-0.504701834528,-0.871843230069
0.0,-0.280429140658,-0.27235934426,-0.26662989465,-0.265321132782,-0.272215949204,-0.295079028074,-0.352664978705,-0.499832195771,-0.863822065716
0.0,-0.28201591376,-0.273963457475,-0.268280070277,-0.267066389664,-0.274145699532,-0.297375287902,-0.355763217032,-0.504972477837,-0.871973817148
0.0,-0.244960938622,-0.236550165429,-0.229908021735,-0.226707318507,-0.229937873687,-0.245607833637,-0.287872728451,-0.397502849819,-0.693783692118
0.0,-0.257705018502,-0.249409507691,-0.243076392209,-0.24051643429,-0.244985346903,-0.263071859176,-0.310425583491,-0.432380904187,-0.754262533832
0.0,-0.284620405813,-0.276596014889,-0.270987768757,-0.269930244594,-0.277313910321,-0.301148603039,-0.360855294829,-0.513392045734,-0.885246999914
0.0,-0.278525076024,-0.270433933777,-0.264647534399,-0.263220694477,-0.269885438911,-0.292289880016,-0.348869592196,-0.493462049022,-0.85334207295
0.0,-0.278557494898,-0.270466168194,-0.264679372661,-0.263251729671,-0.269914353809,-0.292311413901,-0.348859275519,-0.493271426029,-0.851911926218
0.0,-0.266152036413,-0.257937040198,-0.251819214608,-0.249705060973,-0.255036460929,-0.274814095332,-0.325764527113,-0.456520369687,-0.794644369157
0.0,-0.277595606586,-0.26949401389,-0.263679680046,-0.262194918922,-0.268747149389,-0.290929131255,-0.347029157969,-0.490439631724,-0.848751094172
0.0,-0.280178964677,-0.272101102491,-0.266350560253,-0.264998299721,-0.271806720586,-0.294487572884,-0.351627183601,-0.497405302573,-0.857540949996
0.0,-0.297488305849,-0.289599873009,-0.284355654866,-0.284054310916,-0.292910222494,-0.319666035222,-0.385711061101,-0.553953030667,-0.942851398729
0.0,-0.314623729844,-0.30692841345,-0.302200874488,-0.302973839316,-0.313929624736,-0.3448894802,-0.420213401955,-0.611945773874,-1.02020295475
0.0,-0.282325799784,-0.274276215878,-0.268600681817,-0.267403546954,-0.274515146528,-0.297807738193,-0.356326145009,-0.505830734221,-0.873142942558
0.0,-0.282400837609,-0.27434918862,-0.268668450076,-0.26746081564,-0.274551401771,-0.297797304955,-0.356188799228,-0.50523014337,-0.870835722014
0.0,-0.270910922946,-0.262743281662,-0.256752090284,-0.254900367464,-0.260740472293,-0.281519312762,-0.33461242916,-0.470636532365,-0.817551545372
0.0,-0.276115289516,-0.268000659329,-0.26215121507,-0.260593327213,-0.2670035554,-0.288906859625,-0.344415866168,-0.486401435376,-0.842569490203
0.0,-0.276943331759,-0.268839570691,-0.263018984368,-0.261520796554,-0.268047599991,-0.290185416716,-0.346219461493,-0.489607509881,-0.84849663539
0.0,-0.279249438723,-0.271169754037,-0.265413463596,-0.264048536446,-0.270834359429,-0.293485634946,-0.350634767427,-0.496829382737,-0.860101770811
0.0,-0.30188370375,-0.29405000261,-0.28895156837,-0.288952969425,-0.298403032675,-0.326363418547,-0.395140548221,-0.570750518527,-0.969698768864
0.0,-0.299808167713,-0.29194652534,-0.286773904816,-0.286621462659,-0.295769080713,-0.323112027932,-0.390466660816,-0.562115169036,-0.954965970583
0.0,-0.285606770968,-0.277584096794,-0.271981406921,-0.270936135428,-0.278340894024,-0.302198487311,-0.361863486885,-0.513798555525,-0.88155056173
0.0,-0.286622065254,-0.278609752838,-0.273034976715,-0.272047855247,-0.279565517579,-0.303644310343,-0.363774284812,-0.516774703073,-0.885133040547
0.0,-0.261556361584,-0.253295879944,-0.247056818032,-0.244692049482,-0.249538198785,-0.268359545231,-0.317250419841,-0.442823486565,-0.77041357746
0.0,-0.259765816648,-0.251492349284,-0.245217713654,-0.242778276832,-0.247480499128,-0.266028789703,-0.314388833677,-0.438950252544,-0.766922077315
0.0,-0.27289193484,-0.264741045638,-0.258795292984,-0.257038427281,-0.263061681706,-0.284192919907,-0.337998544289,-0.475540297761,-0.823214052141
0.0,-0.279134150172,-0.27105757454,-0.26530906795,-0.263959941199,-0.270778246539,-0.293505436279,-0.350875671868,-0.497949287337,-0.865083400668
0.0,-0.277131131727,-0.269027587125,-0.26320789218,-0.261711996599,-0.268243435191,-0.290388693229,-0.346428637813,-0.489785352156,-0.848562317903
0.0,-0.280962365162,-0.272900891425,-0.267193345562,-0.265929697212,-0.272912899948,-0.295956647615,-0.353961809918,-0.502327713041,-0.869046153099
0.0,-0.288383358081,-0.280394904327,-0.274883265952,-0.274026694428,-0.281800396194,-0.306400770058,-0.367729145859,-0.524078991698,-0.899123979142
0.0,-0.284539167639,-0.276514689138,-0.270906179929,-0.269848171034,-0.27723139702,-0.301067532459,-0.360788032634,-0.51342420529,-0.88599724476
0.0,-0.285544772329,-0.277531666927,-0.271953423688,-0.270958065086,-0.278463373199,-0.302543607316,-0.362803672681,-0.516834461191,-0.891416219928
0.0,-0.280033662365,-0.271966349502,-0.266242632507,-0.264944812138,-0.271862106061,-0.294781958125,-0.352553287581,-0.500521251227,-0.867795877087
0.0,-0.259300225145,-0.251028241004,-0.244756932323,-0.242323797853,-0.24703943781,-0.265624023637,-0.314110434711,-0.439249417827,-0.770289948958
0.0,-0.273786685301,-0.265651078942,-0.259745398346,-0.258070881706,-0.264255511664,-0.285717788285,-0.340297184164,-0.480086188898,-0.833593251245
0.0,-0.271902445594,-0.263750562961,-0.257800818973,-0.256034364487,-0.262041168555,-0.283159356458,-0.337033975853,-0.475274466883,-0.827728637875
0.0,-0.279312903087,-0.27123486032,-0.265482727875,-0.264126199913,-0.270928741544,-0.293616567772,-0.350862012857,-0.497390397947,-0.861775749814
0.0,-0.279289771927,-0.271210443761,-0.265455049524,-0.264091986969,-0.270881843446,-0.293543259375,-0.350724565065,-0.497061233549,-0.861105186571
0.0,-0.278828868146,-0.270747582615,-0.264986629932,-0.263611759212,-0.270379409425,-0.293002565615,-0.350129521682,-0.496491348639,-0.861754999964
0.0,-0.275601130841,-0.267480018062,-0.261613668642,-0.260021243527,-0.266364175524,-0.288130040158,-0.343318176486,-0.484366626727,-0.838051986745
0.0,-0.277080356321,-0.26898039065,-0.263169493825,-0.261691013596,-0.268257193933,-0.290481153337,-0.346742930996,-0.490940716383,-0.853010723747
0.0,-0.272293276966,-0.264135249152,-0.258170514097,-0.256374431661,-0.262321559667,-0.283301555993,-0.336775550991,-0.473454227578,-0.819335795975
0.0,-0.267037109726,-0.258826667873,-0.252721778598,-0.250635244823,-0.256019287246,-0.275890773486,-0.326991761279,-0.457838863631,-0.794051043039
0.0,-0.290997486626,-0.283039341783,-0.277608177026,-0.276917942372,-0.285015812584,-0.310266280661,-0.373043161462,-0.533197177337,-0.91383555686
0.0,-0.27753570369,-0.269429944521,-0.263605110988,-0.262099176714,-0.268609065862,-0.290697147168,-0.346543148966,-0.489033353449,-0.843803670115
0.0,-0.278738141302,-0.270651535372,-0.26487706794,-0.263474825847,-0.270187912129,-0.292691710943,-0.349503365649,-0.494758188796,-0.856055823074
0.0,-0.263143805529,-0.254896494479,-0.248692601275,-0.246400486068,-0.251386686282,-0.270481103003,-0.319947520413,-0.446906236342,-0.77694126505
0.0,-0.268379873102,-0.26019077257,-0.254141962422,-0.252170695277,-0.257779897131,-0.278109362981,-0.330264029038,-0.464101747911,-0.808199328822
0.0,-0.259737864208,-0.251456810445,-0.24516277132,-0.242684059279,-0.247309091137,-0.265694079554,-0.313645443853,-0.436860533081,-0.759600589503
0.0,-0.272844400287,-0.264695113651,-0.25875336196,-0.257004521821,-0.263043860293,-0.28421109134,-0.338114653566,-0.476004072415,-0.824869583753
0.0,-0.2752024578,-0.267080097955,-0.261209894702,-0.259608930247,-0.265935948419,-0.287677380988,-0.342849486489,-0.484067951765,-0.839597641993
0.0,-0.293140110881,-0.285213702069,-0.279865822193,-0.279347118684,-0.287782792437,-0.313733133835,-0.3781757631,-0.543267961463,-0.934177098187
0.0,-0.284077579692,-0.276050279035,-0.270433548123,-0.269357712612,-0.276706884249,-0.300483473563,-0.360115651652,-0.512744823608,-0.886470539874
0.0,-0.279960752413,-0.271884344394,-0.266137405129,-0.264792472613,-0.271616278215,-0.294334414525,-0.351586228912,-0.497809760073,-0.859660200288
0.0,-0.290887059654,-0.282929258686,-0.277498681996,-0.276809379661,-0.284909835154,-0.310171298661,-0.373000866498,-0.533443347874,-0.915409546819
0.0,-0.286477352607,-0.278467623528,-0.272899147323,-0.271924555771,-0.279467883234,-0.303607744954,-0.363920505632,-0.51765087617,-0.888746395883
0.0,-0.287882744246,-0.279905915884,-0.274422848549,-0.27362342205,-0.281514237364,-0.306391813587,-0.36854442711,-0.528182630452,-0.915335969384
0.0,-0.278270443837,-0.270177101442,-0.264384911639,-0.26294615123,-0.269587564135,-0.29194435566,-0.348413214624,-0.492681106945,-0.851637502636
0.0,-0.279790144586,-0.271717038429,-0.265978337109,-0.264650007376,-0.27150754204,-0.294303122091,-0.351774459863,-0.498827793227,-0.863794505614
0.0,-0.277289284349,-0.269186202963,-0.263367872711,-0.261874890442,-0.268411571705,-0.290564432313,-0.346607034425,-0.489888700655,-0.847867125761
0.0,-0.264656265367,-0.25643380825,-0.250295299052,-0.248137623494,-0.253386126378,-0.273012204698,-0.323694268885,-0.454082942013,-0.793510153912
0.0,-0.268175236973,-0.259987202666,-0.253940801137,-0.25197400521,-0.257592152691,-0.277943871851,-0.330170686917,-0.464317611634,-0.809770243516
0.0,-0.273576619089,-0.26544082846,-0.259534261875,-0.257857438501,-0.26403780707,-0.285495693367,-0.340087017396,-0.480020339499,-0.834464127136
0.0,-0.280663282844,-0.272591531154,-0.266857287332,-0.265538879889,-0.272413594019,-0.295227960968,-0.352666283587,-0.499240480128,-0.86090267813
0.0,-0.304540073177,-0.296731790044,-0.29170192931,-0.291846187075,-0.301573050013,-0.330072879107,-0.399970104296,-0.578024505259,-0.976535453804
0.0,-0.304653183813,-0.296845946231,-0.291818962123,-0.291969309577,-0.301708089773,-0.330231121188,-0.400175392919,-0.578322884076,-0.976736982346
0.0,-0.298249577914,-0.290370424128,-0.285150984472,-0.284901182281,-0.293858242104,-0.320818417572,-0.387322000216,-0.556764406886,-0.947020542317
0.0,-0.294220884061,-0.28629345675,-0.280945263765,-0.280428243973,-0.288862881495,-0.314773529018,-0.378939050829,-0.542282484888,-0.924736906003
0.0,-0.285208335805,-0.277183877017,-0.27157622118,-0.270520594142,-0.277906228509,-0.301731532371,-0.361352116017,-0.513312375849,-0.881988112683
0.0,-0.282206414649,-0.274151397693,-0.268461954538,-0.267236615627,-0.274292571079,-0.297466584695,-0.355684995891,-0.504201694985,-0.86851691767
0.0,-0.276426046657,-0.268317933091,-0.262485680869,-0.260963358026,-0.267443761149,-0.28949205244,-0.345342906062,-0.48833485431,-0.847152729361
0.0,-0.265549389791,-0.25733077289,-0.251203178324,-0.249068850612,-0.254362064646,-0.274068899678,-0.3248869658,-0.455420820459,-0.793979668765
0.0,-0.249091082709,-0.240697125927,-0.234103108306,-0.231005919017,-0.234435466835,-0.250465312613,-0.293334199161,-0.403595865318,-0.695387486691
0.0,-0.29816854411,-0.290287505428,-0.285063202749,-0.284803408543,-0.293740340894,-0.320656276653,-0.387042795317,-0.556075000001,-0.945101354971
0.0,-0.283940099885,-0.275904460086,-0.270266586707,-0.269147961105,-0.276411652882,-0.300000202005,-0.359132181146,-0.51000978962,-0.878114948792
0.0,-0.158273886875,-0.149326262878,-0.141209634003,-0.134889300847,-0.132007728382,-0.135707430184,-0.152988034538,-0.202368564449,-0.33346188653
1.48929757415e-11,-0.200430806156,-0.191707606149,-0.184217699483,-0.179244141813,-0.179038238274,-0.188039955593,-0.216498785267,-0.293300568742,-0.50782223933
0.0,-0.279949564007,-0.271880420691,-0.266151895767,-0.264844190965,-0.271742141729,-0.294622426976,-0.352301492616,-0.500001883418,-0.86663920859
0.0,-0.29270445103,-0.284775794764,-0.279422112948,-0.278891810429,-0.287305702869,-0.313214208203,-0.377569584601,-0.542471054687,-0.933591041543
0.0,-0.29909428333,-0.291225917506,-0.286035125248,-0.285844636283,-0.294917791006,-0.322112883714,-0.389148988461,-0.560030992781,-0.952324899817
0.0,-0.278665955325,-0.270571229318,-0.264775853804,-0.263330858822,-0.269958646939,-0.292278263082,-0.348617854919,-0.492299460328,-0.848569098185
0.0,-0.276475571699,-0.268358063492,-0.262501816453,-0.260930714259,-0.267313893793,-0.289150932862,-0.344452425038,-0.485569349608,-0.837980950105
0.0,-0.275747661323,-0.267627316931,-0.261762989108,-0.260174707831,-0.266525678165,-0.288307811651,-0.343534285615,-0.484708384968,-0.839012865598
0.0,-0.269871285975,-0.261689155944,-0.255659798505,-0.253729599126,-0.259416903573,-0.27988766292,-0.332283779335,-0.466388630701,-0.808715672967
0.0,-0.291685722432,-0.28372401823,-0.278284692773,-0.277578528275,-0.285641471457,-0.310795468736,-0.373229845867,-0.531790512743,-0.905590299505
0.0,-0.298806841634,-0.290936306941,-0.285739540417,-0.285536600122,-0.294586415297,-0.321740202234,-0.388709905018,-0.559556478111,-0.952664867356
0.0,-0.292803287668,-0.28485794749,-0.279462104836,-0.278846253807,-0.287087151901,-0.312605508327,-0.375882781054,-0.536826200464,-0.915431352429
0.0,-0.295271132302,-0.287352425002,-0.282027784548,-0.281559756737,-0.290088760801,-0.316180880878,-0.380713469416,-0.544821058799,-0.92716875706
0.0,-0.286368555334,-0.278358717548,-0.272789966381,-0.271814905751,-0.279357739011,-0.303498249639,-0.363819647708,-0.517616026312,-0.889205998641
0.0,-0.278336149329,-0.270238697591,-0.264435795169,-0.262974924086,-0.26957213608,-0.291834324049,-0.348065228844,-0.491556272193,-0.84800141486
0.0,-0.28491669736,-0.276897634344,-0.271303404937,-0.270274815455,-0.277715533796,-0.301668285161,-0.36165434781,-0.515010668929,-0.888684267265
0.0,-0.280311161799,-0.272233774895,-0.266484782275,-0.265136083073,-0.271951329938,-0.294642993283,-0.351790951104,-0.497504745319,-0.856961916437
0.0,-0.281406881914,-0.273347038047,-0.267644249608,-0.266390867764,-0.273393393457,-0.296469552496,-0.354515058629,-0.502815658705,-0.868314400924
0.0,-0.285640522349,-0.277616932513,-0.272011938794,-0.270961953728,-0.278356902284,-0.30219108133,-0.361785176323,-0.513417156583,-0.879630822329
0.0,-0.286782992239,-0.278785693091,-0.273249152788,-0.272339741334,-0.280013026796,-0.304434127295,-0.365473128447,-0.521654265218,-0.900127616182
0.0,-0.283283981417,-0.275238818496,-0.269575817115,-0.268405265816,-0.275566794915,-0.298945401678,-0.357586999987,-0.507051451359,-0.871935887788
0.0,-0.277957938131,-0.269856228386,-0.264042015243,-0.262557831805,-0.269109982713,-0.291283383267,-0.347323406887,-0.490349363094,-0.846279512284
0.0,-0.30745035312,-0.299675991855,-0.294736383568,-0.295067652074,-0.305160190722,-0.334397040762,-0.405948734186,-0.588344855263,-0.991109295069
0.0,-0.307227090499,-0.299450321958,-0.294504469201,-0.294823239574,-0.304892475442,-0.334085552551,-0.405550727149,-0.587791190802,-0.991119716058
0.0,-0.259921726663,-0.251659822924,-0.245414624827,-0.243034235172,-0.247850815836,-0.266635615031,-0.315566184861,-0.441877409242,-0.775152214918
0.0,-0.244437073363,-0.236023190858,-0.229372488938,-0.226153676538,-0.229348798528,-0.24494937398,-0.28706817794,-0.396332234735,-0.69147949063
0.0,-0.248695163705,-0.24033293842,-0.23381858364,-0.230879686332,-0.234615810233,-0.251289435429,-0.295767170043,-0.411313479309,-0.72404247794
0.0,-0.314731782624,-0.307046757557,-0.302346014539,-0.303174481627,-0.314242695685,-0.345450332813,-0.421430792409,-0.615446214024,-1.02889060252
0.000208812372648,-0.00106355507762,-0.00387191499351,-0.00725501235286,-0.0113330772531,-0.0162524730237,-0.0229224660691,-0.0348431066072,-0.0625907515855,-0.121841881433
0.000133281974399,-0.00118723084552,-0.00409225025271,-0.00757854355072,-0.0117627360884,-0.0167847326455,-0.0238083958692,-0.0367428301223,-0.0669252793817,-0.13270835744
0.0,-0.251714419819,-0.243357539501,-0.236857613612,-0.233946783978,-0.23772681187,-0.254443628921,-0.298846620925,-0.413412873361,-0.718533810806
0.0,-0.264878494751,-0.256649024881,-0.250493043678,-0.248300482739,-0.25347962374,-0.272951854101,-0.323215904156,-0.452078020897,-0.785058911186
0.0,-0.285121991128,-0.277094691068,-0.27147910905,-0.270406306183,-0.277757065837,-0.301510005833,-0.360962955456,-0.512432866588,-0.879512016406
0.0,-0.274107383746,-0.265964890023,-0.260041709769,-0.258331558924,-0.264444295046,-0.285746437982,-0.339894333375,-0.478144927903,-0.825915185991
0.0,-0.25159683054,-0.243231953641,-0.236714459164,-0.233773924872,-0.237505572661,-0.254134016253,-0.298320018981,-0.41210135705,-0.713945513716
0.0,-0.292832881575,-0.284895999172,-0.279521922779,-0.278950696437,-0.287281343961,-0.312996623454,-0.376792019207,-0.53951755697,-0.923248780447
0.0,-0.29051343072,-0.282547897638,-0.277097531476,-0.276368120208,-0.284389445531,-0.309482088787,-0.371883610988,-0.530922091149,-0.909185027863
0.0,-0.275099843866,-0.26696713084,-0.26107012851,-0.259414318555,-0.265632696302,-0.287143798891,-0.341742873519,-0.481120113545,-0.830811038397
0.0,-0.289530296432,-0.281555181348,-0.276079009826,-0.275295793739,-0.283212337206,-0.308098202772,-0.370057618924,-0.528034682971,-0.905261610526
0.0,-0.290985842555,-0.283040983251,-0.277643223722,-0.277020756281,-0.285256821263,-0.310824818466,-0.374502421503,-0.538069301585,-0.93021181124
0.0,-0.25150214601,-0.24313207449,-0.236601908482,-0.233636782101,-0.237321110459,-0.253847648529,-0.297761637808,-0.410546813686,-0.707598209442
0.000137139243066,-0.00117406946583,-0.00405957016801,-0.00752359558817,-0.0116824697252,-0.0166759052844,-0.0236077719279,-0.0362802343336,-0.065786991073,-0.129638178593
0.0,-0.254280634046,-0.245959117488,-0.23955421613,-0.236841950067,-0.241012383669,-0.258516217707,-0.304669507003,-0.423901454142,-0.74145783408
0.0,-0.255600904217,-0.247285224435,-0.240897939237,-0.238225456917,-0.242476458161,-0.26013664162,-0.306588745846,-0.426343161568,-0.743664259777
0.0,-0.256783603577,-0.248467183625,-0.242079928861,-0.239409746528,-0.243663290597,-0.261304716199,-0.307593888854,-0.426273754536,-0.736444202938
0.0,-0.268990859759,-0.260827180624,-0.254842965807,-0.253001649335,-0.258865397473,-0.2797342321,-0.333246903589,-0.471552982655,-0.830706594725
0.0,-0.308182727319,-0.300415870768,-0.295495945742,-0.295867873255,-0.306041206343,-0.33544850513,-0.407418395524,-0.591104627403,-0.996235117936
0.0,-0.301699156964,-0.29385016645,-0.288707910392,-0.288610174604,-0.297844403435,-0.325306552216,-0.392729544297,-0.563497019379,-0.948161199564
0.000129329842252,-0.00123547803446,-0.00423114776027,-0.00781631425832,-0.0121047393807,-0.0172308987245,-0.024579806318,-0.0384268932688,-0.0708300726924,-0.142834079557
0.000452496858202,-0.000488744130848,-0.00257489257672,-0.00510021135369,-0.00816103145519,-0.0118758572632,-0.0163911861719,-0.0225033799907,-0.0326901196854,-0.0505274649852
0.0,-0.318861892833,-0.311226674545,-0.306658694336,-0.307763046793,-0.319373145985,-0.351681091278,-0.430163522067,-0.630864979297,-1.04986516093
0.0,-0.283877275042,-0.275816247623,-0.270113538305,-0.268862290623,-0.275857513918,-0.298847114857,-0.35636542445,-0.50152229436,-0.849965400475
0.0,-0.265211179807,-0.256988227017,-0.250848973501,-0.248690258469,-0.253935494291,-0.273545518628,-0.32414612204,-0.454076674397,-0.790816254971
