1,5,27
0,2,1946
1,3,30
2,4,54
3,5,-1
0,4,6
5,7,-1
6,8,-1
7,9,28
8,10,27
9,11,16
10,12,29
11,13,-1
12,14,-1
13,15,-1
14,16,1952
10,15,17
16,18,26
17,21,1952
20,24,57
19,21,25
18,20,22
21,23,1953
22,24,1954
19,23,59
20,26,1946
17,25,27
0,9,26
8,29,-1
11,28,-1
2,31,53
30,32,55
31,33,52
32,34,46
33,35,39
34,36,55
35,37,58
36,38,65
37,39,70
34,38,40
39,42,71
42,45,46
40,41,43
42,44,73
43,45,1933
41,44,78
33,41,47
46,48,52
47,49,77
48,50,1942
49,51,1944
50,52,53
32,47,51
30,51,54
3,53,1945
31,35,56
55,57,1946
19,56,58
36,57,59
24,58,60
59,61,65
60,62,1954
61,63,1950
62,64,1936
63,65,66
37,60,64
64,67,70
66,68,1935
67,69,119
68,70,71
38,66,69
40,69,72
71,73,1948
43,72,80
75,79,472
74,76,467
75,77,1942
48,76,78
45,77,79
74,78,474
73,81,1932
80,82,1948
81,1931,1949
84,202,260
83,85,264
84,205,269
87,89,193
86,88,204
87,89,105
86,88,90
89,91,102
90,92,192
91,93,206
92,94,181
93,95,139
94,96,137
95,97,206
96,98,134
97,100,129
100,103,112
98,99,101
100,102,206
90,101,103
99,102,104
103,105,111
88,104,106
105,107,205
106,108,111
107,109,270
108,110,1929
109,111,112
104,107,110
99,110,113
112,114,128
113,115,125
114,116,1929
115,117,124
116,118,1949
117,119,1948
68,118,120
119,121,124
120,122,1934
121,123,1941
122,124,125
116,120,123
114,123,126
125,127,1941
126,128,-1
113,127,130
98,130,133
128,129,131
130,132,-1
131,133,-1
129,132,134
97,133,135
134,136,-1
135,137,-1
95,136,138
137,139,-1
94,138,140
139,141,180
140,142,-1
141,143,179
142,144,-1
143,146,-1
146,172,179
144,145,147
146,148,171
147,149,-1
148,150,1713
149,151,171
150,152,1715
151,153,168
152,154,165
153,155,1716
154,156,-1
155,157,729
156,158,164
157,159,162
158,160,730
159,161,751
160,162,728
158,161,163
162,164,1718
157,163,165
153,164,166
165,167,221
166,168,220
152,167,169
168,170,219
169,171,172
147,150,170
145,170,173
172,174,178
173,175,219
174,176,234
175,177,217
176,178,180
173,177,179
142,145,178
140,177,183
93,182,192
181,183,189
180,182,184
183,185,188
184,186,217
185,187,214
186,188,211
184,187,189
182,188,190
189,191,213
190,192,193
91,181,191
86,191,194
193,195,213
194,197,210
197,200,204
195,196,198
197,199,254
198,200,253
196,199,201
200,202,258
83,201,203
202,204,205
87,196,203
85,106,203
92,96,101
208,216,242
207,209,212
208,210,271
195,209,255
187,212,216
208,211,213
190,194,212
186,215,218
214,216,240
207,211,215
176,185,218
214,217,238
169,174,220
167,219,235
166,222,1717
221,223,236
222,224,613
223,225,228
224,226,616
225,227,612
226,228,1711
224,227,229
228,230,237
229,231,1712
230,232,609
231,233,237
232,234,238
175,233,235
220,234,236
222,235,237
229,232,236
218,233,239
238,240,609
215,239,241
240,242,601
207,241,273
246,255,272
245,249,1819
244,246,250
243,245,247
246,248,596
247,249,594
244,248,1820
245,251,254
250,252,1818
251,253,1815
199,252,256
198,250,255
210,243,254
253,257,1815
256,258,1924
201,257,259
258,260,1924
83,259,261
260,262,1926
261,263,479
262,264,265
84,263,268
263,266,478
265,267,476
266,268,1930
264,267,269
85,268,270
108,269,1927
209,272,273
243,271,597
242,271,599
275,595,607
274,276,280
275,277,593
276,278,590
277,279,588
278,280,292
275,279,281
280,282,605
281,287,291
284,287,604
283,285,1720
284,286,1719
285,287,288
282,283,286
286,289,1822
288,290,1604
289,291,1823
282,290,292
279,291,293
292,294,1821
293,295,588
294,296,586
295,297,1821
296,298,305
297,299,302
298,300,1600
299,301,1350
300,302,1343
298,301,303
302,304,1341
303,305,1340
297,304,306
305,307,586
306,308,500
307,309,1340
308,310,584
309,311,396
310,312,326
311,313,324
312,314,1340
313,315,1341
314,316,324
315,317,322
316,318,1342
317,319,1345
318,320,1347
319,321,1349
320,322,1338
316,321,323
322,324,325
312,315,323
323,326,1339
311,325,327
326,328,1336
327,329,395
328,333,394
331,334,1335
330,332,1419
331,333,335
329,332,334
330,333,1336
332,336,382
335,337,343
336,338,1419
337,339,342
338,340,1393
339,341,1598
340,342,347
338,341,343
336,342,344
343,345,380
344,346,373
345,347,371
341,346,348
347,349,370
348,350,1599
349,351,368
350,352,366
351,353,1668
352,354,362
353,360,1389
356,360,1388
355,357,1407
356,358,1387
357,359,1580
358,360,361
354,355,359
359,362,1650
353,361,363
362,364,1667
363,365,1804
364,366,-1
351,365,367
366,368,-1
350,367,369
368,370,-1
348,369,371
346,370,372
371,373,-1
345,372,374
373,377,-1
376,379,385
375,377,380
374,376,378
377,379,-1
375,378,386
344,376,383
382,391,394
335,381,383
380,382,384
383,385,390
375,384,387
379,387,1827
385,386,388
387,389,403
388,390,400
384,389,391
381,390,392
391,393,399
392,394,395
329,381,393
328,393,396
310,395,397
396,398,583
397,399,582
392,398,400
389,399,401
400,402,582
401,403,581
388,402,404
403,405,408
404,406,1827
405,407,-1
406,408,1805
404,407,409
408,410,581
409,411,579
410,412,1807
411,413,1808
412,414,578
413,415,511
414,416,577
415,417,1809
416,418,-1
417,419,-1
418,420,-1
419,421,577
420,422,-1
421,423,522
422,424,-1
423,425,-1
424,426,576
425,427,-1
426,428,1825
427,429,575
428,430,434
429,431,545
430,432,572
431,433,446
432,434,438
429,433,435
434,436,1826
435,437,-1
436,438,-1
433,437,439
438,442,1956
441,445,449
440,442,447
439,441,443
442,444,-1
443,445,-1
440,444,450
432,447,571
441,446,448
447,449,569
440,448,452
445,451,1947
450,452,456
449,451,453
452,454,570
453,455,560
454,456,470
451,455,457
456,458,469
457,459,1947
458,460,-1
459,462,-1
462,466,469
460,461,463
462,464,-1
463,465,1943
464,466,1942
461,465,467
75,466,468
467,469,470
457,461,468
455,468,471
470,472,561
74,471,473
472,474,562
79,473,475
474,476,1933
266,475,477
476,478,563
265,477,479
262,478,480
479,481,564
480,482,557
481,483,1926
482,484,555
483,485,1925
484,486,553
485,487,1813
486,488,551
487,489,1810
488,490,550
489,491,533
490,492,1811
491,493,539
492,494,1812
493,495,591
494,496,539
495,497,536
496,498,589
497,499,585
498,500,537
307,499,501
500,502,584
501,503,538
502,504,514
503,505,508
504,506,583
505,507,582
506,508,580
504,507,509
508,510,513
509,511,578
414,510,512
511,513,519
509,512,514
503,513,517
516,527,540
515,517,530
514,516,518
517,519,528
512,518,520
519,521,577
520,522,529
422,521,523
522,524,576
523,525,529
524,526,574
525,527,541
515,526,528
518,527,529
521,524,528
516,531,538
530,532,535
531,533,540
490,532,534
533,535,539
531,534,536
496,535,537
499,536,538
502,530,537
492,495,534
515,532,541
526,540,542
541,543,550
542,544,548
543,545,574
430,544,546
545,547,573
546,548,552
543,547,549
548,550,551
489,542,549
487,549,552
547,551,553
485,552,554
553,555,1824
483,554,556
555,557,566
481,556,558
557,559,564
558,560,565
454,559,561
471,560,562
473,561,563
477,562,564
480,558,563
559,566,570
556,565,567
566,568,1824
567,569,571
448,568,570
453,565,569
446,568,572
431,571,573
546,572,1824
525,544,575
428,574,576
425,523,575
415,420,520
413,510,579
410,578,580
507,579,581
402,409,580
398,401,506
397,505,584
309,501,583
498,586,587
295,306,585
585,588,589
278,294,587
497,587,590
277,589,591
494,590,592
591,593,1812
276,592,594
248,593,595
274,594,596
247,595,597
272,596,598
597,599,607
273,598,600
599,601,606
241,600,602
601,603,608
602,604,1720
283,603,605
281,604,606
600,605,607
274,598,606
602,609,1712
231,239,608
611,616,1710
610,612,1719
226,611,1721
223,614,1717
613,615,726
614,616,716
225,610,615
618,622,718
617,619,713
618,620,636
619,621,633
620,622,631
617,621,623
622,624,722
623,625,632
624,626,725
625,627,752
626,628,632
627,629,774
628,630,721
629,631,633
621,630,632
624,627,631
620,630,634
633,635,720
634,636,640
619,635,637
636,638,702
637,639,701
638,640,644
635,639,641
640,642,1441
641,643,769
642,644,1234
639,643,645
644,646,1431
645,647,701
646,648,686
647,649,1429
648,650,685
649,651,683
650,652,1428
651,653,1287
652,654,683
653,655,681
654,656,1286
655,657,1283
656,658,680
657,659,1281
658,660,1420
659,661,679
660,662,1324
661,663,678
662,664,1323
663,665,673
664,666,1346
665,667,670
666,668,1344
667,669,1350
668,670,1352
666,669,671
670,672,1359
671,673,690
664,672,676
675,677,682
674,676,678
673,675,677
674,676,684
662,675,679
660,678,680
657,679,681
654,680,682
674,681,683
650,653,682
677,685,689
649,684,686
647,685,687
686,688,699
687,689,694
684,688,690
672,689,691
690,695,1359
693,698,703
692,694,699
688,693,695
691,694,696
695,697,1355
696,698,1605
692,697,704
687,693,700
699,701,702
638,646,700
637,700,703
692,702,713
698,705,712
704,706,710
705,707,1605
706,708,1822
707,709,1719
708,710,1710
705,709,711
710,712,714
704,711,713
618,703,712
711,715,718
714,716,1710
615,715,717
716,718,722
617,714,717
720,721,759
634,719,1441
629,719,753
623,717,723
722,724,726
723,725,728
625,724,751
614,723,727
726,728,1718
161,724,727
156,731,-1
159,731,749
729,730,732
731,733,-1
732,734,749
733,735,-1
734,736,-1
735,737,748
736,738,-1
737,739,-1
738,740,744
739,741,-1
740,742,898
741,743,779
742,744,772
739,743,745
744,746,776
745,747,1709
746,748,750
736,747,749
730,733,748
747,751,752
160,725,750
626,750,1709
721,754,760
753,755,778
754,756,773
755,757,895
756,761,894
759,762,771
719,758,760
753,759,761
757,760,762
758,761,763
762,764,1443
763,765,771
764,766,1442
765,767,1449
766,768,1440
767,769,1236
642,768,770
769,771,1441
758,764,770
743,773,897
755,772,777
628,775,778
774,776,1709
745,775,777
773,776,778
754,774,777
742,781,899
781,887,897
779,780,782
781,783,886
782,784,787
783,785,900
784,786,-1
785,787,-1
783,786,788
787,789,1706
788,790,881
789,791,880
790,792,794
791,793,1707
792,795,1708
791,795,868
793,794,796
795,797,864
796,798,862
797,799,1708
798,800,-1
799,801,-1
800,802,862
801,803,-1
802,804,860
803,807,-1
806,809,832
805,807,833
804,806,808
807,809,-1
805,808,810
809,812,-1
812,829,832
810,811,813
812,814,-1
813,815,828
814,816,-1
815,817,-1
816,818,827
817,819,1670
818,820,1673
819,821,825
820,822,1675
821,823,1042
822,824,1029
823,825,1028
820,824,826
825,827,1027
817,826,828
814,827,829
811,828,830
829,831,1027
830,832,1026
805,811,831
806,834,859
833,835,1026
834,836,858
835,837,1015
836,838,844
837,839,841
838,840,1014
839,841,1037
838,840,842
841,843,948
842,844,946
837,843,845
844,846,858
845,847,946
846,848,855
847,851,959
850,854,865
849,851,855
848,850,852
851,853,942
852,854,943
849,853,866
847,850,856
855,857,863
856,858,859
835,845,857
833,857,860
803,859,861
860,862,863
797,801,861
856,861,865
796,865,867
849,863,864
854,867,871
864,866,868
794,867,869
868,870,880
869,871,878
866,870,872
871,873,943
872,874,1013
873,875,877
874,876,1454
875,877,883
874,876,878
870,877,879
878,880,881
790,869,879
789,879,882
881,883,886
876,882,884
883,885,890
884,886,887
782,882,885
780,885,888
887,889,896
888,890,892
884,889,891
890,892,1453
889,891,893
892,894,1444
757,893,895
756,894,896
888,895,897
772,780,896
741,899,-1
779,898,900
784,899,-1
902,922,925
901,903,911
902,904,908
903,905,926
904,906,935
905,907,961
906,908,939
903,907,909
908,910,960
909,911,955
902,910,915
913,917,921
912,914,1187
913,915,922
911,914,916
915,917,957
912,916,918
917,919,954
918,920,1211
919,921,1198
912,920,1212
901,914,923
922,924,1185
923,925,1215
901,924,926
904,925,927
926,928,936
927,929,1215
928,930,1474
929,931,1471
930,932,936
931,933,1609
932,934,1612
933,935,1008
905,934,936
927,931,935
938,961,965
937,940,967
907,940,960
938,939,941
940,942,959
852,941,967
853,872,1007
945,958,960
944,946,959
843,846,945
948,956,958
842,947,952
950,953,1036
949,951,1211
950,952,954
948,951,953
949,952,1037
918,951,957
910,956,958
947,955,957
916,954,956
944,947,955
848,941,945
909,939,944
906,937,962
961,963,1008
962,964,968
963,965,1004
937,964,966
965,967,1007
938,942,966
963,969,1003
968,970,1009
969,971,1001
970,972,990
971,973,1611
972,976,1608
975,989,993
974,976,990
973,975,977
976,978,989
977,979,1608
978,980,1618
979,981,988
980,982,1313
981,983,1315
982,984,988
983,985,1241
984,986,1310
985,987,1312
986,988,989
980,983,987
974,977,987
971,975,991
990,992,1000
991,993,998
974,992,994
993,995,1312
994,996,1238
995,997,1440
996,998,1448
992,997,999
998,1000,1606
991,999,1001
970,1000,1002
1001,1003,1010
968,1002,1004
964,1003,1005
1004,1006,1012
1005,1007,1013
943,966,1006
934,962,1009
969,1008,1612
1002,1011,1606
1010,1012,1452
1005,1011,1233
873,1006,1232
839,1015,1019
836,1014,1016
1015,1017,1026
1016,1018,1027
1017,1020,1028
1014,1020,1025
1018,1019,1021
1020,1022,1028
1021,1023,1029
1022,1024,1032
1023,1025,1033
1019,1024,1038
831,834,1016
826,830,1017
824,1018,1021
823,1022,1030
1029,1031,1041
1030,1032,1039
1023,1031,1216
1024,1034,1216
1033,1035,1207
1034,1036,1038
949,1035,1210
840,953,1038
1025,1035,1037
1031,1040,1047
1039,1041,1044
1030,1040,1042
822,1041,1043
1042,1044,1677
1040,1043,1045
1044,1046,1679
1045,1047,1049
1039,1046,1048
1047,1062,1217
1046,1068,1681
1051,1054,1057
1050,1052,1059
1051,1053,1067
1052,1054,1076
1050,1053,1058
1056,1058,1198
1055,1057,1209
1050,1056,1208
1054,1055,1199
1051,1060,1065
1059,1061,1208
1060,1062,1217
1048,1061,1063
1062,1064,1068
1063,1065,1070
1059,1064,1066
1065,1067,1072
1052,1066,1077
1049,1063,1069
1068,1070,1203
1064,1069,1071
1070,1072,1206
1066,1071,1073
1072,1074,1218
1073,1078,1228
1076,1081,1200
1053,1075,1077
1067,1076,1078
1074,1077,1079
1078,1080,1230
1079,1081,1089
1075,1080,1082
1081,1083,1201
1082,1084,1088
1083,1085,1100
1084,1086,1098
1085,1087,1095
1086,1088,1092
1083,1087,1089
1080,1088,1090
1089,1091,1230
1090,1092,1682
1087,1091,1093
1092,1094,1696
1093,1095,1124
1086,1094,1096
1095,1097,1694
1096,1098,1105
1085,1097,1099
1098,1100,1103
1084,1099,1101
1100,1102,1202
1101,1103,1193
1099,1102,1104
1103,1114,1179
1097,1106,1114
1105,1107,1694
1106,1108,1112
1107,1109,1121
1108,1110,1142
1109,1111,1120
1110,1112,1117
1107,1111,1113
1112,1114,1115
1104,1105,1113
1113,1116,1178
1115,1117,1173
1111,1116,1118
1117,1119,1161
1118,1120,1158
1110,1119,1143
1108,1122,1138
1121,1123,1694
1122,1124,1136
1094,1123,1125
1124,1126,1695
1125,1131,1136
1128,1132,1702
1127,1129,-1
1128,1130,-1
1129,1131,1133
1126,1130,1132
1127,1131,1703
1130,1134,-1
1133,1135,-1
1134,1136,1137
1123,1126,1135
1135,1138,-1
1121,1137,1139
1138,1140,-1
1139,1141,-1
1140,1142,-1
1109,1141,1143
1120,1142,1144
1143,1145,-1
1144,1146,1159
1145,1147,-1
1146,1148,1160
1147,1149,-1
1148,1150,1957
1149,1151,1154
1150,1152,1683
1151,1153,1492
1152,1154,1685
1150,1153,1155
1154,1156,1693
1155,1157,1160
1156,1158,1162
1119,1157,1159
1145,1158,1160
1147,1156,1159
1118,1162,1173
1157,1161,1163
1162,1164,1692
1163,1165,1172
1164,1166,1170
1165,1167,1688
1166,1168,1482
1167,1169,1462
1168,1170,1461
1165,1169,1171
1170,1172,1174
1164,1171,1173
1116,1161,1172
1171,1175,1178
1174,1176,1460
1175,1177,1456
1176,1178,1179
1115,1174,1177
1104,1177,1180
1179,1181,1194
1180,1182,1456
1181,1183,1189
1182,1184,1186
1183,1185,1213
923,1184,1186
1183,1185,1187
913,1186,1188
1187,1189,1212
1182,1188,1190
1189,1191,1194
1190,1192,1231
1191,1193,1195
1102,1192,1194
1180,1190,1193
1192,1196,1202
1195,1197,1199
1196,1198,1231
920,1055,1197
1058,1196,1200
1075,1199,1201
1082,1200,1202
1101,1195,1201
1069,1204,1681
1203,1205,-1
1204,1206,1705
1071,1205,1219
1034,1208,1210
1057,1060,1207
1056,1210,1211
1036,1207,1209
919,950,1209
921,1188,1231
1184,1214,1455
1213,1215,1475
924,928,1214
1032,1033,1217
1048,1061,1216
1073,1219,1229
1206,1218,1220
1219,1221,1705
1220,1222,1225
1221,1223,-1
1222,1224,1699
1223,1226,1682
1221,1226,1229
1224,1225,1227
1226,1228,1230
1074,1227,1229
1218,1225,1228
1079,1090,1227
1191,1197,1212
1013,1233,1454
1012,1232,1451
643,1235,1432
1234,1236,1240
768,1235,1237
1236,1238,1440
995,1237,1239
1238,1240,1311
1235,1239,1435
984,1242,1307
1241,1243,1315
1242,1244,1291
1243,1245,1306
1244,1246,1250
1245,1247,1315
1246,1248,1314
1247,1249,1625
1248,1250,1316
1245,1249,1251
1250,1252,1305
1251,1253,1303
1252,1254,1316
1253,1255,1546
1254,1256,1304
1255,1257,1543
1256,1258,1565
1257,1259,1300
1258,1260,1567
1259,1261,1275
1260,1262,1272
1261,1263,1567
1262,1264,1270
1263,1265,1561
1264,1266,1268
1265,1267,1564
1266,1268,1558
1265,1267,1269
1268,1270,1380
1263,1269,1271
1270,1272,1379
1261,1271,1273
1272,1274,1426
1273,1275,1317
1260,1274,1276
1275,1277,1301
1276,1278,1295
1277,1279,1317
1278,1280,1296
1279,1281,1320
658,1280,1282
1281,1283,1297
656,1282,1284
1283,1285,1298
1284,1286,1289
655,1285,1287
652,1286,1288
1287,1289,1439
1285,1288,1290
1289,1291,1307
1243,1290,1292
1291,1293,1298
1292,1294,1306
1293,1295,1299
1277,1294,1296
1279,1295,1297
1282,1296,1298
1284,1292,1297
1294,1302,1305
1258,1301,1304
1276,1300,1302
1299,1301,1303
1252,1302,1304
1255,1300,1303
1251,1299,1306
1244,1293,1305
1241,1290,1308
1307,1309,1439
1308,1310,1436
985,1309,1311
1239,1310,1312
986,994,1311
981,1314,1621
1247,1313,1626
982,1242,1246
1249,1253,1557
1274,1278,1318
1317,1319,1425
1318,1320,1423
1280,1319,1422
1322,1324,1328
1321,1323,1330
663,1322,1348
661,1321,1325
1324,1326,1420
1325,1327,1427
1326,1328,1332
1321,1327,1331
1330,1331,1349
1322,1329,1348
1328,1329,1363
1327,1364,1368
1334,1360,1418
1333,1335,1337
330,1334,1397
327,334,1337
1334,1336,1339
321,1339,1360
325,1337,1338
304,308,313
303,314,1342
317,1341,1343
301,1342,1344
667,1343,1345
318,1344,1346
665,1345,1347
319,1346,1348
1323,1330,1347
320,1329,1361
300,668,1351
1350,1352,1601
669,1351,1357
1354,1358,1602
1353,1355,1605
696,1354,1356
1355,1357,1359
1352,1356,1358
1353,1357,1603
671,691,1356
1333,1338,1361
1349,1360,1362
1361,1363,1417
1331,1362,1364
1332,1363,1365
1364,1366,1416
1365,1367,1415
1366,1368,1413
1332,1367,1369
1368,1370,1427
1369,1371,1414
1370,1372,1423
1371,1373,1424
1372,1374,1414
1373,1375,1411
1374,1376,1385
1375,1377,1424
1376,1378,1383
1377,1379,1426
1271,1378,1380
1269,1379,1381
1380,1382,1560
1381,1383,1597
1377,1382,1384
1383,1385,1597
1375,1384,1386
1385,1387,1412
357,1386,1583
355,1389,1404
354,1388,1390
1389,1391,1668
1390,1392,1598
1391,1393,1405
339,1392,1395
1395,1399,1406
1393,1394,1396
1395,1397,1419
1335,1396,1398
1397,1399,1418
1394,1398,1400
1399,1401,1416
1400,1402,1415
1401,1403,1406
1402,1404,1407
1388,1403,1405
1392,1404,1406
1394,1402,1405
356,1403,1408
1407,1409,1412
1408,1410,1415
1409,1411,1413
1374,1410,1412
1386,1408,1411
1367,1410,1414
1370,1373,1413
1366,1401,1409
1365,1400,1417
1362,1416,1418
1333,1398,1417
331,337,1396
659,1325,1421
1420,1422,1427
1320,1421,1423
1319,1371,1422
1372,1376,1425
1318,1424,1426
1273,1378,1425
1326,1369,1421
651,1429,1438
648,1428,1430
1429,1431,1433
645,1430,1432
1234,1431,1433
1430,1432,1434
1433,1435,1437
1240,1434,1436
1309,1435,1437
1434,1436,1438
1428,1437,1439
1288,1308,1438
767,996,1237
641,720,770
765,1443,1449
763,1442,1444
893,1443,1445
1444,1446,1450
1445,1447,1452
1446,1448,1606
997,1447,1449
766,1442,1448
1445,1451,1453
1233,1450,1452
1011,1446,1451
891,1450,1454
875,1232,1453
1213,1456,1457
1176,1181,1455
1455,1459,1476
1459,1464,1477
1457,1458,1460
1175,1459,1461
1169,1460,1464
1168,1463,1480
1462,1464,1479
1458,1461,1463
1466,1478,1479
1465,1467,1531
1466,1468,1472
1467,1469,1534
1468,1470,1614
1469,1471,1613
930,1470,1472
1467,1471,1473
1472,1474,1478
929,1473,1475
1214,1474,1476
1457,1475,1477
1458,1476,1478
1465,1473,1477
1463,1465,1532
1462,1481,1533
1480,1482,1527
1167,1481,1483
1482,1484,1687
1483,1485,1691
1484,1486,1527
1485,1487,1512
1486,1488,1510
1487,1489,1691
1488,1490,1505
1489,1491,1503
1490,1492,1690
1152,1491,1497
1494,1497,1683
1493,1495,-1
1494,1496,1498
1495,1497,1502
1492,1493,1496
1495,1499,-1
1498,1500,1919
1499,1501,1893
1500,1502,1891
1496,1501,1503
1490,1502,1504
1503,1506,1890
1489,1506,1510
1504,1505,1507
1506,1508,1922
1507,1509,1921
1508,1510,1513
1487,1505,1509
1512,1516,1525
1486,1511,1513
1509,1512,1514
1513,1515,1722
1514,1516,1550
1511,1515,1518
1518,1521,1524
1516,1517,1519
1518,1520,1549
1519,1521,1669
1517,1520,1522
1521,1523,1536
1522,1524,1529
1517,1523,1525
1511,1524,1526
1525,1527,1528
1481,1485,1526
1526,1529,1533
1523,1528,1530
1529,1531,1534
1466,1530,1532
1479,1531,1533
1480,1528,1532
1468,1530,1535
1534,1536,1615
1522,1535,1623
1538,1541,1556
1537,1539,1628
1538,1540,1542
1539,1541,1544
1537,1540,1553
1539,1543,1630
1256,1542,1544
1540,1543,1545
1544,1546,1552
1254,1545,1547
1546,1548,1557
1547,1549,1552
1519,1548,1550
1515,1549,1551
1550,1552,1553
1545,1548,1551
1541,1551,1554
1553,1555,1722
1554,1556,1916
1537,1555,1723
1316,1547,1669
1267,1559,1592
1558,1560,1589
1381,1559,1586
1264,1562,1566
1561,1563,1632
1562,1564,1633
1266,1563,1590
1257,1566,1631
1561,1565,1567
1259,1262,1566
1569,1588,1595
1568,1570,1574
1569,1571,1649
1570,1572,1786
1571,1573,1828
1572,1574,1596
1569,1573,1575
1574,1576,1587
1575,1577,1581
1576,1578,1596
1577,1579,1654
1578,1580,1650
358,1579,1582
1576,1582,1585
1580,1581,1583
1387,1582,1584
1583,1585,1597
1581,1584,1586
1560,1585,1587
1575,1586,1588
1568,1587,1589
1559,1588,1595
1564,1591,1634
1590,1592,1644
1558,1591,1593
1592,1594,1642
1593,1595,1645
1568,1589,1594
1573,1577,1651
1382,1384,1584
340,1391,1599
349,1598,1668
299,1601,1823
1351,1600,1603
1353,1604,1822
1358,1601,1604
289,1602,1603
697,706,1354
999,1010,1447
1608,1610,1620
973,978,1607
932,1610,1613
1607,1609,1611
972,1610,1612
933,1009,1611
1470,1609,1620
1469,1615,1619
1535,1614,1616
1615,1617,1622
1616,1618,1621
979,1617,1619
1614,1618,1620
1607,1613,1619
1313,1617,1627
1616,1623,1627
1536,1622,1624
1623,1625,1669
1248,1624,1626
1314,1625,1627
1621,1622,1626
1538,1629,1724
1628,1630,1725
1542,1629,1631
1565,1630,1632
1562,1631,1905
1563,1634,1796
1590,1633,1635
1634,1636,1797
1635,1637,1644
1636,1638,1802
1637,1639,1747
1638,1640,1643
1639,1641,1777
1640,1642,1787
1593,1641,1643
1639,1642,1644
1591,1636,1643
1594,1646,1649
1645,1647,1787
1646,1648,1784
1647,1649,1785
1570,1645,1648
361,1579,1656
1596,1652,1657
1651,1653,1662
1652,1654,1663
1578,1653,1655
1654,1656,1663
1650,1655,1667
1651,1658,1828
1657,1659,1662
1658,1660,1767
1659,1661,-1
1660,1662,1803
1652,1658,1661
1653,1655,1664
1663,1665,1803
1664,1666,-1
1665,1667,1804
363,1656,1666
352,1390,1599
1520,1557,1624
818,1671,-1
1670,1672,-1
1671,1673,-1
819,1672,1674
1673,1675,-1
821,1674,1676
1675,1677,-1
1043,1676,1678
1677,1679,-1
1045,1678,1680
1679,1681,-1
1049,1203,1680
1091,1224,1698
1151,1493,-1
1685,1689,1693
1153,1684,1686
1685,1687,1690
1483,1686,1689
1166,1689,1692
1684,1687,1688
1491,1686,1691
1484,1488,1690
1163,1688,1693
1155,1684,1692
1096,1106,1122
1125,1696,1703
1093,1695,1697
1696,1698,1704
1682,1697,1699
1223,1698,1700
1699,1701,-1
1700,1702,1704
1127,1701,-1
1132,1695,1704
1697,1701,1703
1205,1220,-1
788,1707,-1
792,1706,-1
793,798,-1
746,752,775
610,709,715
227,1712,1721
230,608,1711
149,1714,-1
1713,1715,-1
151,1714,1716
154,1715,-1
221,613,1718
163,727,1717
285,611,708
284,603,1721
612,1711,1720
1514,1554,1921
1556,1724,1909
1628,1723,1917
1629,1726,1905
1725,1799,1917
1728,1735,1748
1727,1729,1747
1728,1730,1802
1729,1731,1877
1730,1732,1735
1731,1733,1904
1732,1734,1857
1733,1735,1829
1727,1731,1734
1737,1741,1831
1736,1738,1856
1737,1739,1855
1738,1740,1789
1739,1741,1742
1736,1740,1746
1740,1743,1829
1742,1744,1857
1743,1745,1858
1744,1746,1836
1741,1745,1830
1638,1728,1750
1727,1749,1788
1748,1750,1751
1747,1749,1778
1749,1752,1790
1751,1753,1779
1752,1754,1782
1753,1755,1792
1754,1756,1795
1755,1758,-1
1758,1774,1782
1756,1757,1759
1758,1760,-1
1759,1761,-1
1760,1762,1774
1761,1763,1771
1762,1764,-1
1763,1765,-1
1764,1766,1770
1765,1767,-1
1659,1766,1768
1767,1769,1828
1768,1770,1786
1765,1769,1771
1762,1770,1772
1771,1773,1785
1772,1774,1783
1757,1761,1773
1776,1781,1784
1775,1777,1787
1640,1776,1778
1750,1777,1779
1752,1778,1780
1779,1781,1782
1775,1780,1783
1753,1757,1780
1773,1781,1784
1647,1775,1783
1648,1772,1786
1571,1769,1785
1641,1646,1776
1748,1789,1829
1739,1788,1790
1751,1789,1791
1790,1792,1855
1754,1791,1793
1792,1794,1854
1793,1795,1853
1755,1794,-1
1633,1798,1905
1635,1798,1801
1796,1797,1799
1726,1798,1800
1799,1801,1876
1797,1800,1802
1637,1729,1801
1661,1664,-1
364,1666,-1
407,1806,-1
1805,1807,-1
411,1806,-1
412,1809,-1
416,1808,-1
488,1811,1817
491,1810,1816
493,592,1820
486,1814,1817
1813,1815,1925
252,256,1814
1811,1819,1820
1810,1813,1818
251,1817,1819
244,1816,1818
249,1812,1816
293,296,1823
288,707,1602
290,1600,1821
554,567,573
427,1826,-1
435,1825,-1
386,405,-1
1572,1657,1768
1734,1742,1788
1746,1832,1841
1736,1832,1835
1830,1831,1833
1832,1834,1843
1833,1835,1844
1831,1834,1847
1745,1837,1841
1836,1838,1875
1837,1839,-1
1838,1840,-1
1839,1841,1842
1830,1836,1840
1840,1843,-1
1833,1842,-1
1834,1845,-1
1844,1846,1958
1845,1848,-1
1835,1848,1856
1846,1847,1849
1848,1850,-1
1849,1852,-1
1852,1854,1856
1850,1851,1853
1794,1852,-1
1793,1851,1855
1738,1791,1854
1737,1847,1851
1733,1743,1859
1744,1861,1875
1857,1860,1903
1859,1862,1901
1858,1862,1871
1860,1861,1863
1862,1864,1868
1863,1865,1882
1864,1866,1898
1865,1867,1900
1866,1868,-1
1863,1867,1869
1868,1870,-1
1869,1871,-1
1861,1870,1872
1871,1873,-1
1872,1874,-1
1873,1875,-1
1837,1858,1874
1800,1877,1913
1730,1876,1878
1877,1879,1915
1878,1880,1904
1879,1881,1902
1880,1883,1918
1864,1883,1901
1881,1882,1884
1883,1885,1898
1884,1886,1897
1885,1887,1918
1886,1888,1908
1887,1889,1897
1888,1890,1922
1504,1889,1891
1501,1890,1892
1891,1893,1896
1500,1892,1894
1893,1895,1899
1894,1896,1898
1892,1895,1897
1885,1888,1896
1865,1884,1895
1894,1900,1920
1866,1899,-1
1860,1882,1902
1880,1901,1903
1859,1902,1904
1732,1879,1903
1632,1725,1796
1907,1916,1921
1906,1908,1922
1887,1907,1911
1723,1910,1914
1909,1911,1916
1908,1910,1912
1911,1915,1918
1876,1914,1917
1909,1913,1915
1878,1912,1914
1555,1906,1910
1724,1726,1913
1881,1886,1912
1499,1920,-1
1899,1919,-1
1508,1722,1906
1507,1889,1907
1924,1925,1926
257,259,1923
484,1814,1923
261,482,1923
270,1928,1931
1927,1929,1949
109,115,1928
267,1931,1932
82,1927,1930
80,1930,1933
44,475,1932
121,1935,1939
67,1934,1936
63,1935,1937
1936,1938,1951
1937,1939,-1
1934,1938,1940
1939,1941,-1
122,126,1940
49,76,465
464,1944,-1
50,1943,1945
54,1944,-1
1,25,56
450,458,1955
72,81,118
82,117,1928
62,1951,-1
1937,1950,-1
15,18,1953
22,1952,-1
23,61,-1
1947,-1,-1
439,-1,-1
1149,-1,-1
1845,-1,-1
